Build APK	Build APK (clean) — release	﻿2026-10-03T10:52:35.6787786Z ##[group]Run ./gradlew clean :app:assembleRelease --stacktrace --max-workers=2
Build APK	Build APK (clean) — release	2026-10-03T10:52:35.6788358Z ^[[36;1m./gradlew clean :app:assembleRelease --stacktrace --max-workers=2^[[0m
Build APK	Build APK (clean) — release	2026-10-03T10:52:35.6818054Z shell: /usr/bin/bash -e {0}
Build APK	Build APK (clean) — release	2026-10-03T10:52:35.6818415Z env:
Build APK	Build APK (clean) — release	2026-10-03T10:52:35.6818795Z   JAVA_HOME: /opt/hostedtoolcache/Java_Temurin-Hotspot_jdk/21.0.12-1/x64
Build APK	Build APK (clean) — release	2026-10-03T10:52:35.6819343Z   JAVA_HOME_21_X64: /opt/hostedtoolcache/Java_Temurin-Hotspot_jdk/21.0.12-1/x64
Build APK	Build APK (clean) — release	2026-10-03T10:52:35.6820024Z   GRADLE_ACTION_ID: gradle/actions/setup-gradle
Build APK	Build APK (clean) — release	2026-10-03T10:52:35.6820399Z   GRADLE_USER_HOME: /home/runner/.gradle
Build APK	Build APK (clean) — release	2026-10-03T10:52:35.6820896Z   GRADLE_BUILD_ACTION_SETUP_COMPLETED: true
Build APK	Build APK (clean) — release	2026-10-03T10:52:35.6821369Z   DEVELOCITY_INJECTION_INIT_SCRIPT_NAME: gradle-actions.inject-develocity.init.gradle
Build APK	Build APK (clean) — release	2026-10-03T10:52:35.6821945Z   DEVELOCITY_INJECTION_CUSTOM_VALUE: gradle-actions
Build APK	Build APK (clean) — release	2026-10-03T10:52:35.6822315Z   GITHUB_DEPENDENCY_GRAPH_ENABLED: false
Build APK	Build APK (clean) — release	2026-10-03T10:52:35.6822672Z   ANDROID_HOME: /usr/local/lib/android/sdk
Build APK	Build APK (clean) — release	2026-10-03T10:52:35.6823138Z   ANDROID_SDK_ROOT: /usr/local/lib/android/sdk
Build APK	Build APK (clean) — release	2026-10-03T10:52:35.6823517Z ##[endgroup]
Build APK	Build APK (clean) — release	2026-10-03T10:52:35.7719006Z Downloading https://services.gradle.org/distributions/gradle-9.4.1-bin.zip
Build APK	Build APK (clean) — release	2026-10-03T10:52:36.9548942Z .............10%.............20%.............30%.............40%.............50%.............60%..............70%.............80%.............90%.............100%
Build APK	Build APK (clean) — release	2026-10-03T10:52:38.4342696Z 
Build APK	Build APK (clean) — release	2026-10-03T10:52:38.4344041Z Welcome to Gradle 9.4.1!
Build APK	Build APK (clean) — release	2026-10-03T10:52:38.4352371Z 
Build APK	Build APK (clean) — release	2026-10-03T10:52:38.4355793Z Here are the highlights of this release:
Build APK	Build APK (clean) — release	2026-10-03T10:52:38.4356534Z  - Java 26 support
Build APK	Build APK (clean) — release	2026-10-03T10:52:38.4357770Z  - Non-class-based JVM tests
Build APK	Build APK (clean) — release	2026-10-03T10:52:38.4358454Z  - Enhanced console progress bar
Build APK	Build APK (clean) — release	2026-10-03T10:52:38.4358764Z 
Build APK	Build APK (clean) — release	2026-10-03T10:52:38.4359293Z For more details see https://docs.gradle.org/9.4.1/release-notes.html
Build APK	Build APK (clean) — release	2026-10-03T10:52:38.4359980Z 
Build APK	Build APK (clean) — release	2026-10-03T10:52:38.5345219Z Starting a Gradle Daemon (subsequent builds will be faster)
Build APK	Build APK (clean) — release	2026-10-03T10:52:39.8338580Z Configuration on demand is an incubating feature.
Build APK	Build APK (clean) — release	2026-10-03T10:52:40.7339049Z Calculating task graph as no cached configuration is available for tasks: clean :app:assembleRelease
Build APK	Build APK (clean) — release	2026-10-03T10:53:06.7350025Z > Task :media3:build-logic-settings:checkKotlinGradlePluginConfigurationErrors SKIPPED
Build APK	Build APK (clean) — release	2026-10-03T10:53:07.0338613Z > Task :media3:build-logic-settings:generateExternalPluginSpecBuilders
Build APK	Build APK (clean) — release	2026-10-03T10:53:07.0340432Z > Task :media3:build-logic-settings:extractPrecompiledScriptPluginPlugins
Build APK	Build APK (clean) — release	2026-10-03T10:53:11.4338378Z > Task :media3:build-logic-settings:generateScriptPluginAdapters
Build APK	Build APK (clean) — release	2026-10-03T10:53:11.4339525Z > Task :media3:build-logic-settings:pluginDescriptors
Build APK	Build APK (clean) — release	2026-10-03T10:53:11.4340402Z > Task :media3:build-logic-settings:processResources
Build APK	Build APK (clean) — release	2026-10-03T10:53:16.3338826Z > Task :media3:build-logic-settings:compilePluginsBlocks
Build APK	Build APK (clean) — release	2026-10-03T10:53:16.3340203Z > Task :media3:build-logic-settings:generatePrecompiledScriptPluginAccessors
Build APK	Build APK (clean) — release	2026-10-03T10:53:18.8339250Z > Task :media3:build-logic-settings:compileKotlin
Build APK	Build APK (clean) — release	2026-10-03T10:53:18.8340233Z > Task :media3:build-logic-settings:compileJava NO-SOURCE
Build APK	Build APK (clean) — release	2026-10-03T10:53:18.8340766Z > Task :media3:build-logic-settings:classes
Build APK	Build APK (clean) — release	2026-10-03T10:53:18.8341193Z > Task :media3:build-logic-settings:jar
Build APK	Build APK (clean) — release	2026-10-03T10:53:32.1364300Z 
Build APK	Build APK (clean) — release	2026-10-03T10:53:32.1366540Z > Configure project :app
Build APK	Build APK (clean) — release	2026-10-03T10:53:32.1367298Z WARNING: The option setting 'android.builtInKotlin=false' is deprecated.
Build APK	Build APK (clean) — release	2026-10-03T10:53:32.1368119Z The current default is 'true'.
Build APK	Build APK (clean) — release	2026-10-03T10:53:32.1368724Z It will be removed in version 10.0 of the Android Gradle plugin.
Build APK	Build APK (clean) — release	2026-10-03T10:53:32.1373403Z WARNING: The option setting 'android.newDsl=false' is deprecated.
Build APK	Build APK (clean) — release	2026-10-03T10:53:32.1374300Z The current default is 'true'.
Build APK	Build APK (clean) — release	2026-10-03T10:53:32.1375114Z It will be removed in version 10.0 of the Android Gradle plugin.
Build APK	Build APK (clean) — release	2026-10-03T10:53:33.8382640Z w: file:///home/runner/work/sunshine-music/sunshine-music/app/build.gradle.kts:22:1: 'fun Project.android(configure: Action<BaseAppModuleExtension>): Unit' is deprecated. Replaced by com.android.build.api.dsl.ApplicationExtension.
Build APK	Build APK (clean) — release	2026-10-03T10:53:33.8385926Z This class is not used for the public extensions in AGP when android.newDsl=true, which is the default in AGP 9.0, and will be removed in AGP 10.0.
Build APK	Build APK (clean) — release	2026-10-03T10:53:33.8412188Z w: file:///home/runner/work/sunshine-music/sunshine-music/app/build.gradle.kts:288:34: 'val Project.android: BaseAppModuleExtension' is deprecated. Replaced by com.android.build.api.dsl.ApplicationExtension.
Build APK	Build APK (clean) — release	2026-10-03T10:53:33.8431643Z This class is not used for the public extensions in AGP when android.newDsl=true, which is the default in AGP 9.0, and will be removed in AGP 10.0.
Build APK	Build APK (clean) — release	2026-10-03T10:53:33.8441865Z w: file:///home/runner/work/sunshine-music/sunshine-music/app/build.gradle.kts:288:70: 'val Project.android: BaseAppModuleExtension' is deprecated. Replaced by com.android.build.api.dsl.ApplicationExtension.
Build APK	Build APK (clean) — release	2026-10-03T10:53:33.8444261Z This class is not used for the public extensions in AGP when android.newDsl=true, which is the default in AGP 9.0, and will be removed in AGP 10.0.
Build APK	Build APK (clean) — release	2026-10-03T10:53:35.6350662Z 
Build APK	Build APK (clean) — release	2026-10-03T10:53:35.6371216Z > Configure project :baselineprofile
Build APK	Build APK (clean) — release	2026-10-03T10:53:35.6387693Z w: file:///home/runner/work/sunshine-music/sunshine-music/baselineprofile/build.gradle.kts:12:1: 'fun Project.android(configure: Action<TestExtension>): Unit' is deprecated. Replaced by com.android.build.api.dsl.TestExtension.
Build APK	Build APK (clean) — release	2026-10-03T10:53:35.6390244Z This class is not used for the public extensions in AGP  when android.newDsl=true, which is the default in AGP 9.0, and will be removed in AGP 10.0.
Build APK	Build APK (clean) — release	2026-10-03T10:53:36.5398801Z 
Build APK	Build APK (clean) — release	2026-10-03T10:53:36.5412038Z > Configure project :hificore
Build APK	Build APK (clean) — release	2026-10-03T10:53:36.5455948Z w: file:///home/runner/work/sunshine-music/sunshine-music/hificore/build.gradle.kts:8:1: 'fun Project.android(configure: Action<LibraryExtension>): Unit' is deprecated. Replaced by com.android.build.api.dsl.LibraryExtension.
Build APK	Build APK (clean) — release	2026-10-03T10:53:36.5479303Z This class is not used for the public extensions in AGP when android.newDsl=true, which is the default in AGP 9.0, and will be removed in AGP 10.0.
Build APK	Build APK (clean) — release	2026-10-03T10:53:37.6381134Z 
Build APK	Build APK (clean) — release	2026-10-03T10:53:37.6391387Z > Configure project :misc:alacdecoder
Build APK	Build APK (clean) — release	2026-10-03T10:53:37.6432443Z w: file:///home/runner/work/sunshine-music/sunshine-music/misc/alacdecoder/build.gradle.kts:5:1: 'fun Project.android(configure: Action<LibraryExtension>): Unit' is deprecated. Replaced by com.android.build.api.dsl.LibraryExtension.
Build APK	Build APK (clean) — release	2026-10-03T10:53:37.6434838Z This class is not used for the public extensions in AGP when android.newDsl=true, which is the default in AGP 9.0, and will be removed in AGP 10.0.
Build APK	Build APK (clean) — release	2026-10-03T10:53:38.5360315Z 
Build APK	Build APK (clean) — release	2026-10-03T10:53:38.5361469Z > Configure project :misc:audiofxstub2
Build APK	Build APK (clean) — release	2026-10-03T10:53:38.5363790Z w: file:///home/runner/work/sunshine-music/sunshine-music/misc/audiofxstub2/build.gradle.kts:5:1: 'fun Project.android(configure: Action<LibraryExtension>): Unit' is deprecated. Replaced by com.android.build.api.dsl.LibraryExtension.
Build APK	Build APK (clean) — release	2026-10-03T10:53:38.5366416Z This class is not used for the public extensions in AGP when android.newDsl=true, which is the default in AGP 9.0, and will be removed in AGP 10.0.
Build APK	Build APK (clean) — release	2026-10-03T10:53:41.6347442Z 
Build APK	Build APK (clean) — release	2026-10-03T10:53:41.6349025Z > Task :media3:buildSrc:checkKotlinGradlePluginConfigurationErrors SKIPPED
Build APK	Build APK (clean) — release	2026-10-03T10:53:41.6350700Z > Task :media3:buildSrc:compileKotlin NO-SOURCE
Build APK	Build APK (clean) — release	2026-10-03T10:53:41.6351968Z > Task :media3:buildSrc:compileJava NO-SOURCE
Build APK	Build APK (clean) — release	2026-10-03T10:53:41.6352807Z > Task :media3:buildSrc:compileGroovy NO-SOURCE
Build APK	Build APK (clean) — release	2026-10-03T10:53:41.6353624Z > Task :media3:buildSrc:pluginDescriptors
Build APK	Build APK (clean) — release	2026-10-03T10:53:41.6354502Z > Task :media3:buildSrc:processResources NO-SOURCE
Build APK	Build APK (clean) — release	2026-10-03T10:53:41.6382183Z > Task :media3:buildSrc:classes UP-TO-DATE
Build APK	Build APK (clean) — release	2026-10-03T10:53:41.6382918Z 
Build APK	Build APK (clean) — release	2026-10-03T10:53:41.6383581Z > Task :media3:buildSrc:jar
Build APK	Build APK (clean) — release	2026-10-03T10:53:41.6384628Z :jar: No valid plugin descriptors were found in META-INF/gradle-plugins
Build APK	Build APK (clean) — release	2026-10-03T10:53:42.1336245Z 
Build APK	Build APK (clean) — release	2026-10-03T10:53:42.1337676Z > Task :media3:build-logic:checkKotlinGradlePluginConfigurationErrors SKIPPED
Build APK	Build APK (clean) — release	2026-10-03T10:53:42.1339142Z > Task :media3:build-logic:generateExternalPluginSpecBuilders
Build APK	Build APK (clean) — release	2026-10-03T10:53:42.1340390Z > Task :media3:build-logic:extractPrecompiledScriptPluginPlugins
Build APK	Build APK (clean) — release	2026-10-03T10:53:46.8361376Z > Task :media3:build-logic:generateScriptPluginAdapters
Build APK	Build APK (clean) — release	2026-10-03T10:53:46.8381380Z > Task :media3:build-logic:pluginDescriptors
Build APK	Build APK (clean) — release	2026-10-03T10:53:46.8508001Z > Task :media3:build-logic:processResources
Build APK	Build APK (clean) — release	2026-10-03T10:53:48.3337497Z > Task :media3:build-logic:compilePluginsBlocks
Build APK	Build APK (clean) — release	2026-10-03T10:53:54.9337401Z > Task :media3:build-logic:generatePrecompiledScriptPluginAccessors
Build APK	Build APK (clean) — release	2026-10-03T10:54:05.2348691Z > Task :media3:build-logic:compileKotlin
Build APK	Build APK (clean) — release	2026-10-03T10:54:05.2353296Z > Task :media3:build-logic:compileJava NO-SOURCE
Build APK	Build APK (clean) — release	2026-10-03T10:54:05.2354049Z > Task :media3:build-logic:classes
Build APK	Build APK (clean) — release	2026-10-03T10:54:05.4337301Z > Task :media3:build-logic:jar
Build APK	Build APK (clean) — release	2026-10-03T10:54:50.5345134Z > Task :media3:lib-common-ktx:preBuild UP-TO-DATE
Build APK	Build APK (clean) — release	2026-10-03T10:54:50.5345941Z > Task :media3:lib-common-ktx:preReleaseBuild UP-TO-DATE
Build APK	Build APK (clean) — release	2026-10-03T10:54:50.5348296Z > Task :media3:lib-decoder:preBuild UP-TO-DATE
Build APK	Build APK (clean) — release	2026-10-03T10:54:50.5349079Z > Task :media3:lib-decoder:preReleaseBuild UP-TO-DATE
Build APK	Build APK (clean) — release	2026-10-03T10:54:50.6358892Z > Task :app:clean UP-TO-DATE
Build APK	Build APK (clean) — release	2026-10-03T10:54:50.6369247Z > Task :baselineprofile:clean UP-TO-DATE
Build APK	Build APK (clean) — release	2026-10-03T10:54:50.6395469Z > Task :hificore:externalNativeBuildCleanDebug
Build APK	Build APK (clean) — release	2026-10-03T10:54:50.6397882Z > Task :hificore:externalNativeBuildCleanRelease
Build APK	Build APK (clean) — release	2026-10-03T10:54:50.6398566Z > Task :hificore:clean UP-TO-DATE
Build APK	Build APK (clean) — release	2026-10-03T10:54:50.6399192Z > Task :misc:alacdecoder:clean UP-TO-DATE
Build APK	Build APK (clean) — release	2026-10-03T10:54:50.6399971Z > Task :misc:audiofxfwd:clean UP-TO-DATE
Build APK	Build APK (clean) — release	2026-10-03T10:54:50.6400596Z > Task :misc:audiofxstub:clean UP-TO-DATE
Build APK	Build APK (clean) — release	2026-10-03T10:54:50.6401186Z > Task :misc:audiofxstub2:clean UP-TO-DATE
Build APK	Build APK (clean) — release	2026-10-03T10:54:50.6401875Z > Task :media3:lib-common-ktx:mergeReleaseJniLibFolders
Build APK	Build APK (clean) — release	2026-10-03T10:54:50.6402553Z > Task :misc:audiofxfwd:processResources NO-SOURCE
Build APK	Build APK (clean) — release	2026-10-03T10:54:50.6403236Z > Task :app:preBuild UP-TO-DATE
Build APK	Build APK (clean) — release	2026-10-03T10:54:50.6403796Z > Task :app:preReleaseBuild UP-TO-DATE
Build APK	Build APK (clean) — release	2026-10-03T10:54:50.7338926Z > Task :media3:lib-decoder:mergeReleaseJniLibFolders
Build APK	Build APK (clean) — release	2026-10-03T10:54:50.7374064Z > Task :media3:lib-decoder:mergeReleaseNativeLibs NO-SOURCE
Build APK	Build APK (clean) — release	2026-10-03T10:54:50.7374998Z > Task :app:mergeReleaseJniLibFolders
Build APK	Build APK (clean) — release	2026-10-03T10:54:50.7375585Z > Task :hificore:preBuild UP-TO-DATE
Build APK	Build APK (clean) — release	2026-10-03T10:54:50.7376163Z > Task :hificore:preReleaseBuild UP-TO-DATE
Build APK	Build APK (clean) — release	2026-10-03T10:54:51.1355070Z > Task :misc:audiofxstub:compileJava
Build APK	Build APK (clean) — release	2026-10-03T10:54:51.2337936Z > Task :misc:audiofxfwd:compileJava
Build APK	Build APK (clean) — release	2026-10-03T10:54:51.2338814Z > Task :misc:audiofxfwd:classes
Build APK	Build APK (clean) — release	2026-10-03T10:54:51.2339437Z > Task :misc:audiofxfwd:jar
Build APK	Build APK (clean) — release	2026-10-03T10:54:52.7336222Z 
Build APK	Build APK (clean) — release	2026-10-03T10:54:52.7342733Z > Task :hificore:configureCMakeRelWithDebInfo[arm64-v8a]
Build APK	Build APK (clean) — release	2026-10-03T10:54:52.7354228Z Checking the license for package CMake 3.22.1 in /usr/local/lib/android/sdk/licenses
Build APK	Build APK (clean) — release	2026-10-03T10:54:52.7355360Z License for package CMake 3.22.1 accepted.
Build APK	Build APK (clean) — release	2026-10-03T10:54:52.7355985Z Preparing "Install CMake 3.22.1 v.3.22.1".
Build APK	Build APK (clean) — release	2026-10-03T10:54:53.0337120Z "Install CMake 3.22.1 v.3.22.1" ready.
Build APK	Build APK (clean) — release	2026-10-03T10:54:53.0339239Z Installing CMake 3.22.1 in /usr/local/lib/android/sdk/cmake/3.22.1
Build APK	Build APK (clean) — release	2026-10-03T10:54:53.0340150Z "Install CMake 3.22.1 v.3.22.1" complete.
Build APK	Build APK (clean) — release	2026-10-03T10:54:53.3337184Z "Install CMake 3.22.1 v.3.22.1" finished.
Build APK	Build APK (clean) — release	2026-10-03T10:54:53.5362764Z 
Build APK	Build APK (clean) — release	2026-10-03T10:54:53.5386237Z > Task :media3:lib-decoder:copyReleaseJniLibsProjectOnly
Build APK	Build APK (clean) — release	2026-10-03T10:54:53.5387238Z > Task :media3:lib-common-ktx:mergeReleaseNativeLibs NO-SOURCE
Build APK	Build APK (clean) — release	2026-10-03T10:54:58.8337554Z > Task :hificore:configureCMakeRelWithDebInfo[armeabi-v7a]
Build APK	Build APK (clean) — release	2026-10-03T10:55:03.4362670Z 
Build APK	Build APK (clean) — release	2026-10-03T10:55:03.4451004Z > Task :hificore:buildCMakeRelWithDebInfo[arm64-v8a]
Build APK	Build APK (clean) — release	2026-10-03T10:55:03.4541369Z C/C++: ninja: Entering directory `/home/runner/work/sunshine-music/sunshine-music/hificore/.cxx/RelWithDebInfo/6r173tb4/arm64-v8a'
Build APK	Build APK (clean) — release	2026-10-03T10:55:03.4571480Z C/C++: /home/runner/work/sunshine-music/sunshine-music/hificore/src/main/cpp/gramophone.cpp:327:19: warning: format specifies type 'int' but the argument has type 'intptr_t' (aka 'long') [-Wformat]
Build APK	Build APK (clean) — release	2026-10-03T10:55:03.4600776Z C/C++:   326 |             ALOGE("bad gIoHandleOffset(%d) gIoHandle2Offset(%d) (BUFFER_SIZE(%d) id(%d) io(%d))",
Build APK	Build APK (clean) — release	2026-10-03T10:55:03.4630434Z C/C++:       |                                        ~~
Build APK	Build APK (clean) — release	2026-10-03T10:55:03.4660406Z C/C++:       |                                        %ld
Build APK	Build APK (clean) — release	2026-10-03T10:55:03.4690595Z C/C++:   327 |                   gIoHandleOffset, gIoHandle2Offset, BUFFER_SIZE, id, io);
Build APK	Build APK (clean) — release	2026-10-03T10:55:03.4720382Z C/C++:       |                   ^~~~~~~~~~~~~~~
Build APK	Build APK (clean) — release	2026-10-03T10:55:03.4751101Z C/C++: /usr/local/lib/android/sdk/ndk/28.2.13676358/toolchains/llvm/prebuilt/linux-x86_64/sysroot/usr/include/android/log_macros.h:34:80: note: expanded from macro 'ALOGE'
Build APK	Build APK (clean) — release	2026-10-03T10:55:03.4780673Z C/C++:    34 |   ((void)__android_log_print(ANDROID_LOG_ERROR, (LOG_TAG), (fmt)__VA_OPT__(, ) __VA_ARGS__))
Build APK	Build APK (clean) — release	2026-10-03T10:55:03.4810526Z C/C++:       |                                                             ~~~                ^~~~~~~~~~~
Build APK	Build APK (clean) — release	2026-10-03T10:55:03.4841271Z C/C++: /home/runner/work/sunshine-music/sunshine-music/hificore/src/main/cpp/gramophone.cpp:327:36: warning: format specifies type 'int' but the argument has type 'intptr_t' (aka 'long') [-Wformat]
Build APK	Build APK (clean) — release	2026-10-03T10:55:03.4870685Z C/C++:   326 |             ALOGE("bad gIoHandleOffset(%d) gIoHandle2Offset(%d) (BUFFER_SIZE(%d) id(%d) io(%d))",
Build APK	Build APK (clean) — release	2026-10-03T10:55:03.4900442Z C/C++:       |                                                             ~~
Build APK	Build APK (clean) — release	2026-10-03T10:55:03.4930451Z C/C++:       |                                                             %ld
Build APK	Build APK (clean) — release	2026-10-03T10:55:03.4960543Z C/C++:   327 |                   gIoHandleOffset, gIoHandle2Offset, BUFFER_SIZE, id, io);
Build APK	Build APK (clean) — release	2026-10-03T10:55:03.4970572Z C/C++:       |                                    ^~~~~~~~~~~~~~~~
Build APK	Build APK (clean) — release	2026-10-03T10:55:03.4972347Z C/C++: /usr/local/lib/android/sdk/ndk/28.2.13676358/toolchains/llvm/prebuilt/linux-x86_64/sysroot/usr/include/android/log_macros.h:34:80: note: expanded from macro 'ALOGE'
Build APK	Build APK (clean) — release	2026-10-03T10:55:03.4974073Z C/C++:    34 |   ((void)__android_log_print(ANDROID_LOG_ERROR, (LOG_TAG), (fmt)__VA_OPT__(, ) __VA_ARGS__))
Build APK	Build APK (clean) — release	2026-10-03T10:55:03.4975125Z C/C++:       |                                                             ~~~                ^~~~~~~~~~~
Build APK	Build APK (clean) — release	2026-10-03T10:55:03.4975846Z C/C++: 2 warnings generated.
Build APK	Build APK (clean) — release	2026-10-03T10:55:04.5336781Z 
Build APK	Build APK (clean) — release	2026-10-03T10:55:04.5337816Z > Task :hificore:buildCMakeRelWithDebInfo[armeabi-v7a]
Build APK	Build APK (clean) — release	2026-10-03T10:55:05.8351255Z > Task :hificore:configureCMakeRelWithDebInfo[x86]
Build APK	Build APK (clean) — release	2026-10-03T10:55:05.8380875Z > Task :hificore:configureCMakeRelWithDebInfo[x86_64]
Build APK	Build APK (clean) — release	2026-10-03T10:55:10.0345016Z 
Build APK	Build APK (clean) — release	2026-10-03T10:55:10.0381003Z > Task :hificore:buildCMakeRelWithDebInfo[x86_64]
Build APK	Build APK (clean) — release	2026-10-03T10:55:10.0411372Z C/C++: ninja: Entering directory `/home/runner/work/sunshine-music/sunshine-music/hificore/.cxx/RelWithDebInfo/6r173tb4/x86_64'
Build APK	Build APK (clean) — release	2026-10-03T10:55:10.0414077Z C/C++: /home/runner/work/sunshine-music/sunshine-music/hificore/src/main/cpp/gramophone.cpp:327:19: warning: format specifies type 'int' but the argument has type 'intptr_t' (aka 'long') [-Wformat]
Build APK	Build APK (clean) — release	2026-10-03T10:55:10.0440939Z C/C++:   326 |             ALOGE("bad gIoHandleOffset(%d) gIoHandle2Offset(%d) (BUFFER_SIZE(%d) id(%d) io(%d))",
Build APK	Build APK (clean) — release	2026-10-03T10:55:10.0470511Z C/C++:       |                                        ~~
Build APK	Build APK (clean) — release	2026-10-03T10:55:10.0500513Z C/C++:       |                                        %ld
Build APK	Build APK (clean) — release	2026-10-03T10:55:10.0501520Z C/C++:   327 |                   gIoHandleOffset, gIoHandle2Offset, BUFFER_SIZE, id, io);
Build APK	Build APK (clean) — release	2026-10-03T10:55:10.0530518Z C/C++:       |                   ^~~~~~~~~~~~~~~
Build APK	Build APK (clean) — release	2026-10-03T10:55:10.0561300Z C/C++: /usr/local/lib/android/sdk/ndk/28.2.13676358/toolchains/llvm/prebuilt/linux-x86_64/sysroot/usr/include/android/log_macros.h:34:80: note: expanded from macro 'ALOGE'
Build APK	Build APK (clean) — release	2026-10-03T10:55:10.0590821Z C/C++:    34 |   ((void)__android_log_print(ANDROID_LOG_ERROR, (LOG_TAG), (fmt)__VA_OPT__(, ) __VA_ARGS__))
Build APK	Build APK (clean) — release	2026-10-03T10:55:10.0592421Z C/C++:       |                                                             ~~~                ^~~~~~~~~~~
Build APK	Build APK (clean) — release	2026-10-03T10:55:10.0621433Z C/C++: /home/runner/work/sunshine-music/sunshine-music/hificore/src/main/cpp/gramophone.cpp:327:36: warning: format specifies type 'int' but the argument has type 'intptr_t' (aka 'long') [-Wformat]
Build APK	Build APK (clean) — release	2026-10-03T10:55:10.0650787Z C/C++:   326 |             ALOGE("bad gIoHandleOffset(%d) gIoHandle2Offset(%d) (BUFFER_SIZE(%d) id(%d) io(%d))",
Build APK	Build APK (clean) — release	2026-10-03T10:55:10.0680536Z C/C++:       |                                                             ~~
Build APK	Build APK (clean) — release	2026-10-03T10:55:10.0700460Z C/C++:       |                                                             %ld
Build APK	Build APK (clean) — release	2026-10-03T10:55:10.0710688Z C/C++:   327 |                   gIoHandleOffset, gIoHandle2Offset, BUFFER_SIZE, id, io);
Build APK	Build APK (clean) — release	2026-10-03T10:55:10.0740557Z C/C++:       |                                    ^~~~~~~~~~~~~~~~
Build APK	Build APK (clean) — release	2026-10-03T10:55:10.0771254Z C/C++: /usr/local/lib/android/sdk/ndk/28.2.13676358/toolchains/llvm/prebuilt/linux-x86_64/sysroot/usr/include/android/log_macros.h:34:80: note: expanded from macro 'ALOGE'
Build APK	Build APK (clean) — release	2026-10-03T10:55:10.0772921Z C/C++:    34 |   ((void)__android_log_print(ANDROID_LOG_ERROR, (LOG_TAG), (fmt)__VA_OPT__(, ) __VA_ARGS__))
Build APK	Build APK (clean) — release	2026-10-03T10:55:10.0800807Z C/C++:       |                                                             ~~~                ^~~~~~~~~~~
Build APK	Build APK (clean) — release	2026-10-03T10:55:10.0830439Z C/C++: 2 warnings generated.
Build APK	Build APK (clean) — release	2026-10-03T10:55:10.7339897Z 
Build APK	Build APK (clean) — release	2026-10-03T10:55:10.7351572Z > Task :hificore:buildCMakeRelWithDebInfo[x86]
Build APK	Build APK (clean) — release	2026-10-03T10:55:10.7352337Z > Task :hificore:mergeReleaseJniLibFolders
Build APK	Build APK (clean) — release	2026-10-03T10:55:10.7352996Z > Task :misc:alacdecoder:preBuild UP-TO-DATE
Build APK	Build APK (clean) — release	2026-10-03T10:55:10.7353695Z > Task :misc:alacdecoder:preReleaseBuild UP-TO-DATE
Build APK	Build APK (clean) — release	2026-10-03T10:55:10.7354477Z > Task :media3:lib-common-ktx:copyReleaseJniLibsProjectOnly
Build APK	Build APK (clean) — release	2026-10-03T10:55:10.7355228Z > Task :media3:lib-container:preBuild UP-TO-DATE
Build APK	Build APK (clean) — release	2026-10-03T10:55:10.7355954Z > Task :media3:lib-container:preReleaseBuild UP-TO-DATE
Build APK	Build APK (clean) — release	2026-10-03T10:55:10.7356697Z > Task :media3:lib-container:mergeReleaseJniLibFolders
Build APK	Build APK (clean) — release	2026-10-03T10:55:10.7357486Z > Task :media3:lib-container:mergeReleaseNativeLibs NO-SOURCE
Build APK	Build APK (clean) — release	2026-10-03T10:55:10.7358245Z > Task :misc:alacdecoder:mergeReleaseJniLibFolders
Build APK	Build APK (clean) — release	2026-10-03T10:55:10.7358969Z > Task :misc:alacdecoder:mergeReleaseNativeLibs NO-SOURCE
Build APK	Build APK (clean) — release	2026-10-03T10:55:10.7359880Z > Task :misc:alacdecoder:copyReleaseJniLibsProjectOnly
Build APK	Build APK (clean) — release	2026-10-03T10:55:10.8337415Z > Task :hificore:generateReleaseResources
Build APK	Build APK (clean) — release	2026-10-03T10:55:10.8338041Z > Task :hificore:packageReleaseResources
Build APK	Build APK (clean) — release	2026-10-03T10:55:10.8338418Z > Task :hificore:processReleaseNavigationResources
Build APK	Build APK (clean) — release	2026-10-03T10:55:11.6360797Z > Task :hificore:mergeReleaseNativeLibs
Build APK	Build APK (clean) — release	2026-10-03T10:55:11.6390638Z > Task :media3:lib-container:copyReleaseJniLibsProjectOnly
Build APK	Build APK (clean) — release	2026-10-03T10:55:11.6391323Z > Task :media3:lib-common:preBuild UP-TO-DATE
Build APK	Build APK (clean) — release	2026-10-03T10:55:11.6391883Z > Task :media3:lib-common:preReleaseBuild UP-TO-DATE
Build APK	Build APK (clean) — release	2026-10-03T10:55:11.6392799Z > Task :hificore:copyReleaseJniLibsProjectOnly
Build APK	Build APK (clean) — release	2026-10-03T10:55:11.6393417Z > Task :misc:audiofxstub2:preBuild UP-TO-DATE
Build APK	Build APK (clean) — release	2026-10-03T10:55:11.6393966Z > Task :misc:audiofxstub2:preReleaseBuild UP-TO-DATE
Build APK	Build APK (clean) — release	2026-10-03T10:55:11.7343999Z > Task :misc:audiofxstub2:generateReleaseResources FROM-CACHE
Build APK	Build APK (clean) — release	2026-10-03T10:55:11.7362749Z > Task :misc:audiofxstub2:packageReleaseResources
Build APK	Build APK (clean) — release	2026-10-03T10:55:11.7363652Z > Task :misc:audiofxstub2:processReleaseNavigationResources FROM-CACHE
Build APK	Build APK (clean) — release	2026-10-03T10:55:12.2336466Z > Task :media3:lib-common:mergeReleaseJniLibFolders
Build APK	Build APK (clean) — release	2026-10-03T10:55:12.2337481Z > Task :media3:lib-common:mergeReleaseNativeLibs NO-SOURCE
Build APK	Build APK (clean) — release	2026-10-03T10:55:12.2338439Z > Task :media3:lib-common:copyReleaseJniLibsProjectOnly
Build APK	Build APK (clean) — release	2026-10-03T10:55:12.2339159Z > Task :media3:lib-exoplayer:preBuild UP-TO-DATE
Build APK	Build APK (clean) — release	2026-10-03T10:55:12.2339815Z > Task :media3:lib-exoplayer:preReleaseBuild UP-TO-DATE
Build APK	Build APK (clean) — release	2026-10-03T10:55:12.2340535Z > Task :media3:lib-exoplayer:mergeReleaseJniLibFolders
Build APK	Build APK (clean) — release	2026-10-03T10:55:12.2341372Z > Task :media3:lib-exoplayer:mergeReleaseNativeLibs NO-SOURCE
Build APK	Build APK (clean) — release	2026-10-03T10:55:12.2342451Z > Task :media3:lib-exoplayer:copyReleaseJniLibsProjectOnly
Build APK	Build APK (clean) — release	2026-10-03T10:55:12.2343013Z > Task :media3:lib-extractor:preBuild UP-TO-DATE
Build APK	Build APK (clean) — release	2026-10-03T10:55:12.2343495Z > Task :media3:lib-extractor:preReleaseBuild UP-TO-DATE
Build APK	Build APK (clean) — release	2026-10-03T10:55:12.2343980Z > Task :media3:lib-extractor:mergeReleaseJniLibFolders
Build APK	Build APK (clean) — release	2026-10-03T10:55:12.2344515Z > Task :media3:lib-extractor:mergeReleaseNativeLibs NO-SOURCE
Build APK	Build APK (clean) — release	2026-10-03T10:55:12.2345010Z > Task :hificore:parseReleaseLocalResources
Build APK	Build APK (clean) — release	2026-10-03T10:55:12.3380989Z > Task :hificore:generateReleaseRFile
Build APK	Build APK (clean) — release	2026-10-03T10:55:12.3411109Z > Task :media3:lib-extractor:copyReleaseJniLibsProjectOnly
Build APK	Build APK (clean) — release	2026-10-03T10:55:12.3412156Z > Task :media3:lib-decoder-midi:preBuild UP-TO-DATE
Build APK	Build APK (clean) — release	2026-10-03T10:55:12.3463609Z > Task :media3:lib-decoder-midi:preReleaseBuild UP-TO-DATE
Build APK	Build APK (clean) — release	2026-10-03T10:55:12.3464753Z > Task :misc:audiofxstub2:javaPreCompileRelease
Build APK	Build APK (clean) — release	2026-10-03T10:55:12.3465431Z > Task :hificore:javaPreCompileRelease FROM-CACHE
Build APK	Build APK (clean) — release	2026-10-03T10:55:12.3466298Z > Task :misc:alacdecoder:generateReleaseResources FROM-CACHE
Build APK	Build APK (clean) — release	2026-10-03T10:55:12.3470820Z > Task :misc:alacdecoder:packageReleaseResources
Build APK	Build APK (clean) — release	2026-10-03T10:55:12.3471735Z > Task :misc:alacdecoder:processReleaseNavigationResources FROM-CACHE
Build APK	Build APK (clean) — release	2026-10-03T10:55:12.3472671Z > Task :misc:alacdecoder:parseReleaseLocalResources FROM-CACHE
Build APK	Build APK (clean) — release	2026-10-03T10:55:12.3474493Z > Task :media3:lib-decoder-midi:mergeReleaseJniLibFolders
Build APK	Build APK (clean) — release	2026-10-03T10:55:12.4351052Z > Task :media3:lib-decoder-midi:mergeReleaseNativeLibs NO-SOURCE
Build APK	Build APK (clean) — release	2026-10-03T10:55:12.4380726Z > Task :media3:lib-decoder-midi:copyReleaseJniLibsProjectOnly
Build APK	Build APK (clean) — release	2026-10-03T10:55:12.4410453Z > Task :media3:lib-datasource:preBuild UP-TO-DATE
Build APK	Build APK (clean) — release	2026-10-03T10:55:12.4440462Z > Task :media3:lib-datasource:preReleaseBuild UP-TO-DATE
Build APK	Build APK (clean) — release	2026-10-03T10:55:12.4470334Z > Task :misc:alacdecoder:generateReleaseRFile
Build APK	Build APK (clean) — release	2026-10-03T10:55:12.4500349Z > Task :misc:alacdecoder:javaPreCompileRelease FROM-CACHE
Build APK	Build APK (clean) — release	2026-10-03T10:55:13.5341020Z > Task :misc:audiofxstub2:parseReleaseLocalResources
Build APK	Build APK (clean) — release	2026-10-03T10:55:13.5380770Z > Task :media3:lib-datasource:mergeReleaseJniLibFolders
Build APK	Build APK (clean) — release	2026-10-03T10:55:13.5440622Z > Task :media3:lib-datasource:mergeReleaseNativeLibs NO-SOURCE
Build APK	Build APK (clean) — release	2026-10-03T10:55:13.5470732Z > Task :media3:lib-datasource:copyReleaseJniLibsProjectOnly
Build APK	Build APK (clean) — release	2026-10-03T10:55:13.5500472Z > Task :media3:lib-session:preBuild UP-TO-DATE
Build APK	Build APK (clean) — release	2026-10-03T10:55:13.5510611Z > Task :media3:lib-session:preReleaseBuild UP-TO-DATE
Build APK	Build APK (clean) — release	2026-10-03T10:55:13.5530520Z > Task :misc:audiofxstub2:generateReleaseRFile
Build APK	Build APK (clean) — release	2026-10-03T10:55:14.4336478Z > Task :media3:lib-session:mergeReleaseJniLibFolders
Build APK	Build APK (clean) — release	2026-10-03T10:55:14.4361037Z > Task :media3:lib-session:mergeReleaseNativeLibs NO-SOURCE
Build APK	Build APK (clean) — release	2026-10-03T10:55:14.4378040Z > Task :app:checkReleaseDuplicateClasses
Build APK	Build APK (clean) — release	2026-10-03T10:55:14.4378914Z > Task :app:generateReleaseBuildConfig
Build APK	Build APK (clean) — release	2026-10-03T10:55:14.5336763Z > Task :media3:lib-session:copyReleaseJniLibsProjectOnly
Build APK	Build APK (clean) — release	2026-10-03T10:55:14.5339510Z > Task :media3:lib-database:preBuild UP-TO-DATE
Build APK	Build APK (clean) — release	2026-10-03T10:55:14.5340471Z > Task :media3:lib-database:preReleaseBuild UP-TO-DATE
Build APK	Build APK (clean) — release	2026-10-03T10:55:14.5340903Z > Task :misc:audiofxstub2:compileReleaseJavaWithJavac
Build APK	Build APK (clean) — release	2026-10-03T10:55:14.5341128Z 
Build APK	Build APK (clean) — release	2026-10-03T10:55:14.5341307Z > Task :app:prepareLibraryDefinitionsRelease
Build APK	Build APK (clean) — release	2026-10-03T10:55:14.5342337Z --> `BSD 2-Clause "Simplified" License` does not contain the license text and configuration is in OFFLINE MODE. Please provide manually with `name`: `BSD 2-Clause "Simplified" License` and `hash`: `d1a337ca9ddee9474ced7f42e5e86050`
Build APK	Build APK (clean) — release	2026-10-03T10:55:14.5352691Z --> `BSD 3-Clause "New" or "Revised" License` does not contain the license text and configuration is in OFFLINE MODE. Please provide manually with `name`: `BSD 3-Clause "New" or "Revised" License` and `hash`: `228cb2e0f62ed5b5ca7a9ba19c8e68b8`
Build APK	Build APK (clean) — release	2026-10-03T10:55:14.5354294Z --> `The MIT License` does not contain the license text and configuration is in OFFLINE MODE. Please provide manually with `name`: `The MIT License` and `hash`: `MIT`
Build APK	Build APK (clean) — release	2026-10-03T10:55:14.6363161Z 
Build APK	Build APK (clean) — release	2026-10-03T10:55:14.6391139Z > Task :media3:lib-database:mergeReleaseJniLibFolders
Build APK	Build APK (clean) — release	2026-10-03T10:55:14.6402025Z > Task :media3:lib-database:mergeReleaseNativeLibs NO-SOURCE
Build APK	Build APK (clean) — release	2026-10-03T10:55:14.6403043Z > Task :app:resourcePlaceholdersForRelease
Build APK	Build APK (clean) — release	2026-10-03T10:55:14.6403871Z > Task :app:extractReleaseSupportedLocales
Build APK	Build APK (clean) — release	2026-10-03T10:55:14.6404651Z > Task :misc:audiofxstub2:bundleLibCompileToJarRelease
Build APK	Build APK (clean) — release	2026-10-03T10:55:14.6405899Z > Task :app:mapReleaseSourceSetPaths
Build APK	Build APK (clean) — release	2026-10-03T10:55:14.6406701Z > Task :hificore:extractReleaseSupportedLocales
Build APK	Build APK (clean) — release	2026-10-03T10:55:14.6407495Z > Task :misc:alacdecoder:extractReleaseSupportedLocales
Build APK	Build APK (clean) — release	2026-10-03T10:55:14.6408215Z > Task :app:generateReleaseResources
Build APK	Build APK (clean) — release	2026-10-03T10:55:14.6408885Z > Task :app:javaPreCompileRelease FROM-CACHE
Build APK	Build APK (clean) — release	2026-10-03T10:55:14.6409769Z > Task :misc:alacdecoder:prepareReleaseArtProfile
Build APK	Build APK (clean) — release	2026-10-03T10:55:14.6410514Z > Task :hificore:prepareReleaseArtProfile
Build APK	Build APK (clean) — release	2026-10-03T10:55:14.6411271Z > Task :media3:lib-database:copyReleaseJniLibsProjectOnly
Build APK	Build APK (clean) — release	2026-10-03T10:55:14.6412044Z > Task :hificore:writeReleaseAarMetadata
Build APK	Build APK (clean) — release	2026-10-03T10:55:14.6412764Z > Task :media3:lib-common:generateReleaseResources
Build APK	Build APK (clean) — release	2026-10-03T10:55:14.7336393Z > Task :media3:lib-common:packageReleaseResources
Build APK	Build APK (clean) — release	2026-10-03T10:55:14.7361036Z > Task :media3:lib-common:processReleaseNavigationResources
Build APK	Build APK (clean) — release	2026-10-03T10:55:14.7375305Z > Task :misc:alacdecoder:writeReleaseAarMetadata
Build APK	Build APK (clean) — release	2026-10-03T10:55:14.7376349Z > Task :app:createReleaseCompatibleScreenManifests
Build APK	Build APK (clean) — release	2026-10-03T10:55:14.7377102Z > Task :app:extractDeepLinksRelease
Build APK	Build APK (clean) — release	2026-10-03T10:55:14.7377832Z > Task :hificore:extractDeepLinksRelease
Build APK	Build APK (clean) — release	2026-10-03T10:55:15.4342925Z > Task :media3:lib-common:parseReleaseLocalResources
Build APK	Build APK (clean) — release	2026-10-03T10:55:15.4343380Z 
Build APK	Build APK (clean) — release	2026-10-03T10:55:15.4343653Z > Task :hificore:processReleaseManifest
Build APK	Build APK (clean) — release	2026-10-03T10:55:15.4359176Z package="org.nift4.gramophone.hificore" found in source AndroidManifest.xml: /home/runner/work/sunshine-music/sunshine-music/hificore/src/main/AndroidManifest.xml.
Build APK	Build APK (clean) — release	2026-10-03T10:55:15.4361372Z Setting the namespace via the package attribute in the source AndroidManifest.xml is no longer supported, and the value is ignored.
Build APK	Build APK (clean) — release	2026-10-03T10:55:15.4363409Z Recommendation: remove package="org.nift4.gramophone.hificore" from the source AndroidManifest.xml: /home/runner/work/sunshine-music/sunshine-music/hificore/src/main/AndroidManifest.xml.
Build APK	Build APK (clean) — release	2026-10-03T10:55:15.4364444Z 
Build APK	Build APK (clean) — release	2026-10-03T10:55:15.4364883Z > Task :misc:alacdecoder:extractDeepLinksRelease FROM-CACHE
Build APK	Build APK (clean) — release	2026-10-03T10:55:15.5337149Z > Task :media3:lib-common:generateReleaseRFile
Build APK	Build APK (clean) — release	2026-10-03T10:55:15.5337710Z > Task :media3:lib-common:compileReleaseKotlin NO-SOURCE
Build APK	Build APK (clean) — release	2026-10-03T10:55:15.6336200Z 
Build APK	Build APK (clean) — release	2026-10-03T10:55:15.6337178Z > Task :misc:alacdecoder:processReleaseManifest
Build APK	Build APK (clean) — release	2026-10-03T10:55:15.6340728Z package="org.nift4.alacdecoder" found in source AndroidManifest.xml: /home/runner/work/sunshine-music/sunshine-music/misc/alacdecoder/src/main/AndroidManifest.xml.
Build APK	Build APK (clean) — release	2026-10-03T10:55:15.6344891Z Setting the namespace via the package attribute in the source AndroidManifest.xml is no longer supported, and the value is ignored.
Build APK	Build APK (clean) — release	2026-10-03T10:55:15.6348018Z Recommendation: remove package="org.nift4.alacdecoder" from the source AndroidManifest.xml: /home/runner/work/sunshine-music/sunshine-music/misc/alacdecoder/src/main/AndroidManifest.xml.
Build APK	Build APK (clean) — release	2026-10-03T10:55:15.6350305Z 
Build APK	Build APK (clean) — release	2026-10-03T10:55:15.6350782Z > Task :hificore:mapReleaseSourceSetPaths
Build APK	Build APK (clean) — release	2026-10-03T10:55:15.6352447Z > Task :app:mergeReleaseNativeLibs
Build APK	Build APK (clean) — release	2026-10-03T10:55:15.6353819Z > Task :media3:lib-common:javaPreCompileRelease
Build APK	Build APK (clean) — release	2026-10-03T10:55:15.7336566Z > Task :hificore:compileReleaseLibraryResources
Build APK	Build APK (clean) — release	2026-10-03T10:55:15.7337593Z > Task :misc:alacdecoder:mapReleaseSourceSetPaths
Build APK	Build APK (clean) — release	2026-10-03T10:55:15.7338452Z > Task :misc:alacdecoder:compileReleaseLibraryResources FROM-CACHE
Build APK	Build APK (clean) — release	2026-10-03T10:55:15.7339158Z > Task :app:extractProguardFiles
Build APK	Build APK (clean) — release	2026-10-03T10:55:15.7339929Z > Task :misc:alacdecoder:processReleaseJavaRes NO-SOURCE
Build APK	Build APK (clean) — release	2026-10-03T10:55:15.7340625Z > Task :app:mergeReleaseStartupProfile
Build APK	Build APK (clean) — release	2026-10-03T10:55:15.7341251Z > Task :app:generateReleaseAssets UP-TO-DATE
Build APK	Build APK (clean) — release	2026-10-03T10:55:15.7341936Z > Task :hificore:generateReleaseAssets UP-TO-DATE
Build APK	Build APK (clean) — release	2026-10-03T10:55:15.7342938Z > Task :hificore:mergeReleaseAssets
Build APK	Build APK (clean) — release	2026-10-03T10:55:15.8361001Z > Task :misc:alacdecoder:generateReleaseAssets UP-TO-DATE
Build APK	Build APK (clean) — release	2026-10-03T10:55:15.8362108Z > Task :misc:alacdecoder:mergeReleaseAssets
Build APK	Build APK (clean) — release	2026-10-03T10:55:15.8390775Z > Task :hificore:extractProguardFiles
Build APK	Build APK (clean) — release	2026-10-03T10:55:15.8420551Z > Task :misc:audiofxstub2:bundleLibRuntimeToJarRelease
Build APK	Build APK (clean) — release	2026-10-03T10:55:15.8437421Z > Task :misc:audiofxstub2:processReleaseJavaRes NO-SOURCE
Build APK	Build APK (clean) — release	2026-10-03T10:55:15.8450324Z > Task :misc:audiofxstub2:createFullJarRelease
Build APK	Build APK (clean) — release	2026-10-03T10:55:15.8480377Z > Task :misc:audiofxstub2:extractProguardFiles
Build APK	Build APK (clean) — release	2026-10-03T10:55:15.8510265Z > Task :app:stripReleaseDebugSymbols
Build APK	Build APK (clean) — release	2026-10-03T10:55:16.4336601Z > Task :misc:audiofxstub2:processReleaseManifest
Build APK	Build APK (clean) — release	2026-10-03T10:55:17.2341013Z > Task :misc:audiofxstub2:generateReleaseLintModel
Build APK	Build APK (clean) — release	2026-10-03T10:55:17.3347184Z > Task :misc:audiofxstub2:prepareLintJarForPublish
Build APK	Build APK (clean) — release	2026-10-03T10:55:17.4336506Z > Task :app:extractReleaseNativeSymbolTables
Build APK	Build APK (clean) — release	2026-10-03T10:55:17.6362986Z > Task :hificore:prepareLintJarForPublish
Build APK	Build APK (clean) — release	2026-10-03T10:55:17.6390572Z > Task :misc:alacdecoder:extractProguardFiles
Build APK	Build APK (clean) — release	2026-10-03T10:55:17.6400521Z > Task :app:mergeReleaseNativeDebugMetadata
Build APK	Build APK (clean) — release	2026-10-03T10:55:17.6420486Z > Task :misc:alacdecoder:prepareLintJarForPublish
Build APK	Build APK (clean) — release	2026-10-03T10:55:17.6450436Z > Task :hificore:extractDeepLinksForAarRelease
Build APK	Build APK (clean) — release	2026-10-03T10:55:17.6480455Z > Task :misc:alacdecoder:stripReleaseDebugSymbols NO-SOURCE
Build APK	Build APK (clean) — release	2026-10-03T10:55:17.7351063Z > Task :misc:alacdecoder:copyReleaseJniLibsProjectAndLocalJars
Build APK	Build APK (clean) — release	2026-10-03T10:55:17.8338139Z > Task :misc:alacdecoder:extractDeepLinksForAarRelease FROM-CACHE
Build APK	Build APK (clean) — release	2026-10-03T10:55:17.8368008Z > Task :misc:alacdecoder:mergeReleaseJavaResource
Build APK	Build APK (clean) — release	2026-10-03T10:55:17.8377977Z > Task :hificore:stripReleaseDebugSymbols
Build APK	Build APK (clean) — release	2026-10-03T10:55:17.8378851Z > Task :misc:audiofxstub2:checkReleaseAarMetadata
Build APK	Build APK (clean) — release	2026-10-03T10:55:17.9372295Z > Task :misc:audiofxstub2:mergeReleaseJniLibFolders
Build APK	Build APK (clean) — release	2026-10-03T10:55:17.9403881Z > Task :misc:audiofxstub2:mergeReleaseNativeLibs NO-SOURCE
Build APK	Build APK (clean) — release	2026-10-03T10:55:17.9430813Z > Task :misc:audiofxstub2:stripReleaseDebugSymbols NO-SOURCE
Build APK	Build APK (clean) — release	2026-10-03T10:55:17.9500590Z > Task :hificore:copyReleaseJniLibsProjectAndLocalJars
Build APK	Build APK (clean) — release	2026-10-03T10:55:17.9524492Z > Task :misc:audiofxstub2:extractDeepLinksForAarRelease FROM-CACHE
Build APK	Build APK (clean) — release	2026-10-03T10:55:18.1342722Z > Task :misc:audiofxstub2:extractReleaseAnnotations
Build APK	Build APK (clean) — release	2026-10-03T10:55:18.1343594Z > Task :misc:audiofxstub2:generateReleaseAssets UP-TO-DATE
Build APK	Build APK (clean) — release	2026-10-03T10:55:18.1384762Z > Task :misc:audiofxstub2:copyReleaseJniLibsProjectAndLocalJars
Build APK	Build APK (clean) — release	2026-10-03T10:55:18.1410488Z > Task :misc:audiofxstub2:mergeReleaseGeneratedProguardFiles
Build APK	Build APK (clean) — release	2026-10-03T10:55:18.1440615Z > Task :misc:audiofxstub2:mergeReleaseConsumerProguardFiles
Build APK	Build APK (clean) — release	2026-10-03T10:55:18.1461292Z > Task :misc:audiofxstub2:prepareReleaseArtProfile
Build APK	Build APK (clean) — release	2026-10-03T10:55:18.1461796Z > Task :misc:audiofxstub2:mergeReleaseJavaResource
Build APK	Build APK (clean) — release	2026-10-03T10:55:18.2350861Z > Task :misc:audiofxstub2:syncReleaseLibJars
Build APK	Build APK (clean) — release	2026-10-03T10:55:18.2380627Z > Task :misc:audiofxstub2:mergeReleaseAssets
Build APK	Build APK (clean) — release	2026-10-03T10:55:18.2410508Z > Task :misc:audiofxstub2:writeReleaseLintModelMetadata
Build APK	Build APK (clean) — release	2026-10-03T10:55:18.2438092Z > Task :hificore:writeReleaseLintModelMetadata
Build APK	Build APK (clean) — release	2026-10-03T10:55:18.2439169Z > Task :misc:alacdecoder:writeReleaseLintModelMetadata
Build APK	Build APK (clean) — release	2026-10-03T10:55:19.2342794Z > Task :app:validateSigningRelease
Build APK	Build APK (clean) — release	2026-10-03T10:55:19.2370880Z > Task :app:writeReleaseAppMetadata
Build APK	Build APK (clean) — release	2026-10-03T10:55:19.2399324Z > Task :app:writeReleaseSigningConfigVersions
Build APK	Build APK (clean) — release	2026-10-03T10:55:19.2400577Z > Task :media3:lib-container:generateReleaseResources FROM-CACHE
Build APK	Build APK (clean) — release	2026-10-03T10:55:19.2401189Z > Task :media3:lib-container:packageReleaseResources
Build APK	Build APK (clean) — release	2026-10-03T10:55:19.2401703Z > Task :media3:lib-container:processReleaseNavigationResources FROM-CACHE
Build APK	Build APK (clean) — release	2026-10-03T10:55:19.2402257Z > Task :media3:lib-container:parseReleaseLocalResources FROM-CACHE
Build APK	Build APK (clean) — release	2026-10-03T10:55:19.2402709Z > Task :misc:audiofxstub2:writeReleaseAarMetadata
Build APK	Build APK (clean) — release	2026-10-03T10:55:19.3336401Z > Task :misc:audiofxstub2:bundleReleaseLocalLintAar
Build APK	Build APK (clean) — release	2026-10-03T10:55:19.3361100Z > Task :media3:lib-container:generateReleaseRFile
Build APK	Build APK (clean) — release	2026-10-03T10:55:19.3381097Z > Task :media3:lib-container:javaPreCompileRelease FROM-CACHE
Build APK	Build APK (clean) — release	2026-10-03T10:55:19.3385324Z > Task :media3:lib-database:generateReleaseResources FROM-CACHE
Build APK	Build APK (clean) — release	2026-10-03T10:55:19.3386191Z > Task :media3:lib-database:packageReleaseResources
Build APK	Build APK (clean) — release	2026-10-03T10:55:19.3387047Z > Task :media3:lib-database:processReleaseNavigationResources FROM-CACHE
Build APK	Build APK (clean) — release	2026-10-03T10:55:19.3387979Z > Task :media3:lib-database:parseReleaseLocalResources FROM-CACHE
Build APK	Build APK (clean) — release	2026-10-03T10:55:19.4336383Z > Task :media3:lib-database:generateReleaseRFile
Build APK	Build APK (clean) — release	2026-10-03T10:55:19.4337445Z > Task :media3:lib-database:javaPreCompileRelease FROM-CACHE
Build APK	Build APK (clean) — release	2026-10-03T10:55:19.4338976Z > Task :media3:lib-datasource:generateReleaseResources FROM-CACHE
Build APK	Build APK (clean) — release	2026-10-03T10:55:19.4340288Z > Task :media3:lib-datasource:packageReleaseResources
Build APK	Build APK (clean) — release	2026-10-03T10:55:19.4341648Z > Task :media3:lib-datasource:processReleaseNavigationResources FROM-CACHE
Build APK	Build APK (clean) — release	2026-10-03T10:55:19.4440898Z > Task :media3:lib-datasource:parseReleaseLocalResources FROM-CACHE
Build APK	Build APK (clean) — release	2026-10-03T10:55:19.4444746Z > Task :media3:lib-datasource:generateReleaseRFile
Build APK	Build APK (clean) — release	2026-10-03T10:55:19.4469190Z > Task :media3:lib-datasource:javaPreCompileRelease FROM-CACHE
Build APK	Build APK (clean) — release	2026-10-03T10:55:19.4480822Z > Task :media3:lib-decoder:generateReleaseResources FROM-CACHE
Build APK	Build APK (clean) — release	2026-10-03T10:55:19.4481676Z > Task :media3:lib-decoder:packageReleaseResources
Build APK	Build APK (clean) — release	2026-10-03T10:55:19.4482679Z > Task :media3:lib-decoder:processReleaseNavigationResources FROM-CACHE
Build APK	Build APK (clean) — release	2026-10-03T10:55:19.5359984Z > Task :media3:lib-decoder:parseReleaseLocalResources FROM-CACHE
Build APK	Build APK (clean) — release	2026-10-03T10:55:19.5361550Z > Task :media3:lib-decoder:generateReleaseRFile
Build APK	Build APK (clean) — release	2026-10-03T10:55:19.5362179Z > Task :media3:lib-decoder:javaPreCompileRelease FROM-CACHE
Build APK	Build APK (clean) — release	2026-10-03T10:55:19.5362851Z > Task :media3:lib-extractor:generateReleaseResources FROM-CACHE
Build APK	Build APK (clean) — release	2026-10-03T10:55:19.5363467Z > Task :media3:lib-extractor:packageReleaseResources
Build APK	Build APK (clean) — release	2026-10-03T10:55:19.5364165Z > Task :media3:lib-extractor:processReleaseNavigationResources FROM-CACHE
Build APK	Build APK (clean) — release	2026-10-03T10:55:19.5364970Z > Task :media3:lib-extractor:parseReleaseLocalResources FROM-CACHE
Build APK	Build APK (clean) — release	2026-10-03T10:55:19.5365574Z > Task :media3:lib-extractor:generateReleaseRFile
Build APK	Build APK (clean) — release	2026-10-03T10:55:19.5366165Z > Task :media3:lib-extractor:javaPreCompileRelease FROM-CACHE
Build APK	Build APK (clean) — release	2026-10-03T10:55:19.6349534Z > Task :media3:lib-exoplayer:generateReleaseResources
Build APK	Build APK (clean) — release	2026-10-03T10:55:19.8361122Z > Task :media3:lib-exoplayer:packageReleaseResources
Build APK	Build APK (clean) — release	2026-10-03T10:55:19.8390807Z > Task :media3:lib-exoplayer:processReleaseNavigationResources
Build APK	Build APK (clean) — release	2026-10-03T10:55:20.4341164Z Note: Some input files use or override a deprecated API.
Build APK	Build APK (clean) — release	2026-10-03T10:55:20.4341642Z 
Build APK	Build APK (clean) — release	2026-10-03T10:55:20.4346915Z > Task :media3:lib-common:compileReleaseJavaWithJavac
Build APK	Build APK (clean) — release	2026-10-03T10:55:20.4370520Z Note: Recompile with -Xlint:deprecation for details.
Build APK	Build APK (clean) — release	2026-10-03T10:55:20.5340337Z 
Build APK	Build APK (clean) — release	2026-10-03T10:55:20.5380962Z > Task :media3:lib-exoplayer:parseReleaseLocalResources
Build APK	Build APK (clean) — release	2026-10-03T10:55:20.5405637Z > Task :media3:lib-exoplayer:generateReleaseRFile
Build APK	Build APK (clean) — release	2026-10-03T10:55:20.5431924Z > Task :media3:lib-exoplayer:javaPreCompileRelease FROM-CACHE
Build APK	Build APK (clean) — release	2026-10-03T10:55:20.5461247Z > Task :media3:lib-common-ktx:generateReleaseResources FROM-CACHE
Build APK	Build APK (clean) — release	2026-10-03T10:55:20.5490517Z > Task :media3:lib-common-ktx:packageReleaseResources
Build APK	Build APK (clean) — release	2026-10-03T10:55:20.5520687Z > Task :media3:lib-common-ktx:processReleaseNavigationResources FROM-CACHE
Build APK	Build APK (clean) — release	2026-10-03T10:55:20.5550642Z > Task :media3:lib-common-ktx:parseReleaseLocalResources FROM-CACHE
Build APK	Build APK (clean) — release	2026-10-03T10:55:20.5551475Z > Task :media3:lib-common-ktx:generateReleaseRFile
Build APK	Build APK (clean) — release	2026-10-03T10:55:20.5580570Z > Task :media3:lib-common-ktx:javaPreCompileRelease FROM-CACHE
Build APK	Build APK (clean) — release	2026-10-03T10:55:20.5581428Z > Task :media3:lib-decoder-midi:generateReleaseResources FROM-CACHE
Build APK	Build APK (clean) — release	2026-10-03T10:55:20.5582173Z > Task :media3:lib-decoder-midi:packageReleaseResources
Build APK	Build APK (clean) — release	2026-10-03T10:55:20.5583007Z > Task :media3:lib-decoder-midi:processReleaseNavigationResources FROM-CACHE
Build APK	Build APK (clean) — release	2026-10-03T10:55:20.5583886Z > Task :media3:lib-decoder-midi:parseReleaseLocalResources FROM-CACHE
Build APK	Build APK (clean) — release	2026-10-03T10:55:20.6337988Z > Task :media3:lib-decoder-midi:generateReleaseRFile
Build APK	Build APK (clean) — release	2026-10-03T10:55:20.6339783Z > Task :media3:lib-decoder-midi:javaPreCompileRelease FROM-CACHE
Build APK	Build APK (clean) — release	2026-10-03T10:55:20.7353240Z > Task :media3:lib-common:bundleLibCompileToJarRelease
Build APK	Build APK (clean) — release	2026-10-03T10:55:20.7361113Z > Task :media3:lib-container:compileReleaseKotlin NO-SOURCE
Build APK	Build APK (clean) — release	2026-10-03T10:55:21.0336460Z > Task :media3:lib-container:compileReleaseJavaWithJavac
Build APK	Build APK (clean) — release	2026-10-03T10:55:21.0350626Z > Task :media3:lib-container:bundleLibCompileToJarRelease
Build APK	Build APK (clean) — release	2026-10-03T10:55:21.0365115Z > Task :media3:lib-database:compileReleaseKotlin NO-SOURCE
Build APK	Build APK (clean) — release	2026-10-03T10:55:21.1336445Z > Task :media3:lib-database:compileReleaseJavaWithJavac
Build APK	Build APK (clean) — release	2026-10-03T10:55:21.1348498Z > Task :media3:lib-database:bundleLibCompileToJarRelease
Build APK	Build APK (clean) — release	2026-10-03T10:55:21.1370778Z > Task :media3:lib-datasource:compileReleaseKotlin NO-SOURCE
Build APK	Build APK (clean) — release	2026-10-03T10:55:21.2336352Z > Task :media3:lib-session:compileReleaseAidl
Build APK	Build APK (clean) — release	2026-10-03T10:55:21.2360804Z > Task :media3:lib-decoder:compileReleaseKotlin NO-SOURCE
Build APK	Build APK (clean) — release	2026-10-03T10:55:21.3362800Z > Task :media3:lib-decoder:compileReleaseJavaWithJavac
Build APK	Build APK (clean) — release	2026-10-03T10:55:21.3420907Z > Task :media3:lib-decoder:bundleLibCompileToJarRelease
Build APK	Build APK (clean) — release	2026-10-03T10:55:21.3470767Z > Task :media3:lib-extractor:compileReleaseKotlin NO-SOURCE
Build APK	Build APK (clean) — release	2026-10-03T10:55:21.7336430Z > Task :media3:lib-datasource:compileReleaseJavaWithJavac
Build APK	Build APK (clean) — release	2026-10-03T10:55:21.7361004Z > Task :media3:lib-datasource:bundleLibCompileToJarRelease
Build APK	Build APK (clean) — release	2026-10-03T10:55:23.3341940Z 
Build APK	Build APK (clean) — release	2026-10-03T10:55:23.3342907Z Note: Some input files use or override a deprecated API.
Build APK	Build APK (clean) — release	2026-10-03T10:55:23.3371085Z Note: Recompile with -Xlint:deprecation for details.
Build APK	Build APK (clean) — release	2026-10-03T10:55:23.3371825Z > Task :media3:lib-extractor:compileReleaseJavaWithJavac
Build APK	Build APK (clean) — release	2026-10-03T10:55:23.9341732Z 
Build APK	Build APK (clean) — release	2026-10-03T10:55:23.9356163Z > Task :media3:lib-extractor:bundleLibCompileToJarRelease
Build APK	Build APK (clean) — release	2026-10-03T10:55:23.9365184Z > Task :media3:lib-exoplayer:compileReleaseKotlin NO-SOURCE
Build APK	Build APK (clean) — release	2026-10-03T10:55:26.0363449Z > Task :media3:lib-common-ktx:compileReleaseKotlin
Build APK	Build APK (clean) — release	2026-10-03T10:55:26.0382252Z > Task :media3:lib-common-ktx:compileReleaseJavaWithJavac NO-SOURCE
Build APK	Build APK (clean) — release	2026-10-03T10:55:26.0412917Z > Task :media3:lib-common-ktx:mergeReleaseGeneratedProguardFiles
Build APK	Build APK (clean) — release	2026-10-03T10:55:26.0414053Z > Task :media3:lib-common-ktx:exportReleaseConsumerProguardFiles
Build APK	Build APK (clean) — release	2026-10-03T10:55:26.0415165Z > Task :media3:lib-extractor:mergeReleaseGeneratedProguardFiles
Build APK	Build APK (clean) — release	2026-10-03T10:55:26.0416130Z > Task :media3:lib-extractor:exportReleaseConsumerProguardFiles
Build APK	Build APK (clean) — release	2026-10-03T10:55:26.0416953Z > Task :media3:lib-container:mergeReleaseGeneratedProguardFiles
Build APK	Build APK (clean) — release	2026-10-03T10:55:26.0440872Z > Task :media3:lib-container:exportReleaseConsumerProguardFiles
Build APK	Build APK (clean) — release	2026-10-03T10:55:26.0470686Z > Task :media3:lib-datasource:mergeReleaseGeneratedProguardFiles
Build APK	Build APK (clean) — release	2026-10-03T10:55:26.0472826Z > Task :media3:lib-datasource:exportReleaseConsumerProguardFiles
Build APK	Build APK (clean) — release	2026-10-03T10:55:26.0473762Z > Task :media3:lib-decoder:mergeReleaseGeneratedProguardFiles
Build APK	Build APK (clean) — release	2026-10-03T10:55:26.0474589Z > Task :media3:lib-decoder:exportReleaseConsumerProguardFiles
Build APK	Build APK (clean) — release	2026-10-03T10:55:26.0480144Z > Task :media3:lib-database:mergeReleaseGeneratedProguardFiles
Build APK	Build APK (clean) — release	2026-10-03T10:55:26.0481054Z > Task :media3:lib-database:exportReleaseConsumerProguardFiles
Build APK	Build APK (clean) — release	2026-10-03T10:55:26.0481845Z > Task :media3:lib-common:mergeReleaseGeneratedProguardFiles
Build APK	Build APK (clean) — release	2026-10-03T10:55:26.1350622Z > Task :media3:lib-common:exportReleaseConsumerProguardFiles
Build APK	Build APK (clean) — release	2026-10-03T10:55:26.1380552Z > Task :media3:lib-session:generateReleaseResources
Build APK	Build APK (clean) — release	2026-10-03T10:55:26.5336593Z > Task :media3:lib-session:packageReleaseResources
Build APK	Build APK (clean) — release	2026-10-03T10:55:26.5337586Z > Task :media3:lib-session:processReleaseNavigationResources
Build APK	Build APK (clean) — release	2026-10-03T10:55:26.5361953Z > Task :media3:lib-session:parseReleaseLocalResources
Build APK	Build APK (clean) — release	2026-10-03T10:55:26.7349352Z > Task :media3:lib-session:generateReleaseRFile
Build APK	Build APK (clean) — release	2026-10-03T10:55:26.7361922Z > Task :media3:lib-session:compileReleaseKotlin NO-SOURCE
Build APK	Build APK (clean) — release	2026-10-03T10:55:26.7391008Z > Task :media3:lib-session:javaPreCompileRelease FROM-CACHE
Build APK	Build APK (clean) — release	2026-10-03T10:55:26.9351038Z > Task :app:processReleaseNavigationResources
Build APK	Build APK (clean) — release	2026-10-03T10:55:27.9336975Z Note: Some input files use or override a deprecated API.
Build APK	Build APK (clean) — release	2026-10-03T10:55:27.9337819Z 
Build APK	Build APK (clean) — release	2026-10-03T10:55:27.9351042Z > Task :media3:lib-exoplayer:compileReleaseJavaWithJavac
Build APK	Build APK (clean) — release	2026-10-03T10:55:27.9380523Z Note: Recompile with -Xlint:deprecation for details.
Build APK	Build APK (clean) — release	2026-10-03T10:55:28.3360488Z 
Build APK	Build APK (clean) — release	2026-10-03T10:55:28.3362791Z > Task :app:compileReleaseNavigationResources
Build APK	Build APK (clean) — release	2026-10-03T10:55:28.3390864Z > Task :media3:lib-exoplayer:bundleLibCompileToJarRelease
Build APK	Build APK (clean) — release	2026-10-03T10:55:28.7340886Z Note: Some input files use or override a deprecated API.
Build APK	Build APK (clean) — release	2026-10-03T10:55:28.7341374Z 
Build APK	Build APK (clean) — release	2026-10-03T10:55:28.7360406Z > Task :media3:lib-session:compileReleaseJavaWithJavac
Build APK	Build APK (clean) — release	2026-10-03T10:55:28.7390443Z Note: Recompile with -Xlint:deprecation for details.
Build APK	Build APK (clean) — release	2026-10-03T10:55:29.4335741Z 
Build APK	Build APK (clean) — release	2026-10-03T10:55:29.4367614Z > Task :misc:alacdecoder:compileReleaseJavaWithJavac
Build APK	Build APK (clean) — release	2026-10-03T10:55:29.4390690Z > Task :misc:alacdecoder:mergeReleaseGeneratedProguardFiles
Build APK	Build APK (clean) — release	2026-10-03T10:55:29.5336519Z > Task :media3:lib-decoder-midi:compileReleaseKotlin NO-SOURCE
Build APK	Build APK (clean) — release	2026-10-03T10:55:29.6380990Z > Task :misc:alacdecoder:exportReleaseConsumerProguardFiles
Build APK	Build APK (clean) — release	2026-10-03T10:55:30.6343407Z > Task :misc:alacdecoder:bundleLibCompileToJarRelease
Build APK	Build APK (clean) — release	2026-10-03T10:55:30.6361094Z > Task :media3:lib-decoder-midi:compileReleaseJavaWithJavac
Build APK	Build APK (clean) — release	2026-10-03T10:55:30.6388564Z > Task :media3:lib-decoder-midi:mergeReleaseGeneratedProguardFiles
Build APK	Build APK (clean) — release	2026-10-03T10:55:30.6420635Z > Task :media3:lib-decoder-midi:exportReleaseConsumerProguardFiles
Build APK	Build APK (clean) — release	2026-10-03T10:55:30.6426712Z > Task :media3:lib-exoplayer:mergeReleaseGeneratedProguardFiles
Build APK	Build APK (clean) — release	2026-10-03T10:55:30.6443630Z > Task :media3:lib-exoplayer:exportReleaseConsumerProguardFiles
Build APK	Build APK (clean) — release	2026-10-03T10:55:30.6446740Z > Task :media3:lib-session:mergeReleaseGeneratedProguardFiles
Build APK	Build APK (clean) — release	2026-10-03T10:55:30.6447570Z > Task :misc:alacdecoder:bundleLibRuntimeToJarRelease
Build APK	Build APK (clean) — release	2026-10-03T10:55:30.6448339Z > Task :misc:alacdecoder:createFullJarRelease
Build APK	Build APK (clean) — release	2026-10-03T10:55:30.7338124Z > Task :hificore:extractReleaseAnnotations
Build APK	Build APK (clean) — release	2026-10-03T10:55:30.7370977Z > Task :misc:alacdecoder:extractReleaseAnnotations
Build APK	Build APK (clean) — release	2026-10-03T10:55:30.7400738Z > Task :misc:alacdecoder:mergeReleaseConsumerProguardFiles
Build APK	Build APK (clean) — release	2026-10-03T10:55:30.7401732Z > Task :misc:alacdecoder:syncReleaseLibJars
Build APK	Build APK (clean) — release	2026-10-03T10:55:30.7430644Z > Task :media3:lib-session:exportReleaseConsumerProguardFiles
Build APK	Build APK (clean) — release	2026-10-03T10:55:30.7450704Z > Task :media3:lib-decoder-midi:extractReleaseSupportedLocales
Build APK	Build APK (clean) — release	2026-10-03T10:55:30.7451482Z > Task :media3:lib-exoplayer:extractReleaseSupportedLocales
Build APK	Build APK (clean) — release	2026-10-03T10:55:30.7452209Z > Task :media3:lib-common:extractReleaseSupportedLocales FROM-CACHE
Build APK	Build APK (clean) — release	2026-10-03T10:55:30.7452996Z > Task :media3:lib-database:extractReleaseSupportedLocales FROM-CACHE
Build APK	Build APK (clean) — release	2026-10-03T10:55:30.7453646Z > Task :media3:lib-session:extractReleaseSupportedLocales
Build APK	Build APK (clean) — release	2026-10-03T10:55:30.7454182Z > Task :media3:lib-datasource:extractReleaseSupportedLocales FROM-CACHE
Build APK	Build APK (clean) — release	2026-10-03T10:55:30.7454648Z > Task :media3:lib-container:extractReleaseSupportedLocales FROM-CACHE
Build APK	Build APK (clean) — release	2026-10-03T10:55:30.7455109Z > Task :media3:lib-decoder:extractReleaseSupportedLocales FROM-CACHE
Build APK	Build APK (clean) — release	2026-10-03T10:55:30.7455849Z > Task :media3:lib-common-ktx:extractReleaseSupportedLocales FROM-CACHE
Build APK	Build APK (clean) — release	2026-10-03T10:55:30.7456318Z > Task :media3:lib-extractor:extractReleaseSupportedLocales FROM-CACHE
Build APK	Build APK (clean) — release	2026-10-03T10:55:30.7456756Z > Task :media3:lib-decoder-midi:bundleLibCompileToJarRelease
Build APK	Build APK (clean) — release	2026-10-03T10:55:30.7457167Z > Task :media3:lib-common-ktx:bundleLibCompileToJarRelease
Build APK	Build APK (clean) — release	2026-10-03T10:55:30.7457517Z > Task :app:generateReleaseLocaleConfig
Build APK	Build APK (clean) — release	2026-10-03T10:55:31.0336651Z > Task :media3:lib-session:bundleLibCompileToJarRelease
Build APK	Build APK (clean) — release	2026-10-03T10:55:31.0381037Z > Task :media3:lib-decoder-midi:prepareReleaseArtProfile
Build APK	Build APK (clean) — release	2026-10-03T10:55:31.0440631Z > Task :media3:lib-decoder:prepareReleaseArtProfile
Build APK	Build APK (clean) — release	2026-10-03T10:55:31.1360859Z > Task :media3:lib-container:prepareReleaseArtProfile
Build APK	Build APK (clean) — release	2026-10-03T10:55:31.1361740Z > Task :media3:lib-exoplayer:prepareReleaseArtProfile
Build APK	Build APK (clean) — release	2026-10-03T10:55:31.1362344Z > Task :media3:lib-common:prepareReleaseArtProfile
Build APK	Build APK (clean) — release	2026-10-03T10:55:31.1362986Z > Task :media3:lib-datasource:prepareReleaseArtProfile
Build APK	Build APK (clean) — release	2026-10-03T10:55:31.1363951Z > Task :media3:lib-common-ktx:prepareReleaseArtProfile
Build APK	Build APK (clean) — release	2026-10-03T10:55:31.1364536Z > Task :media3:lib-extractor:prepareReleaseArtProfile
Build APK	Build APK (clean) — release	2026-10-03T10:55:31.1365148Z > Task :media3:lib-session:prepareReleaseArtProfile
Build APK	Build APK (clean) — release	2026-10-03T10:55:31.1365761Z > Task :media3:lib-database:prepareReleaseArtProfile
Build APK	Build APK (clean) — release	2026-10-03T10:55:31.4361101Z > Task :app:packageReleaseResources
Build APK	Build APK (clean) — release	2026-10-03T10:55:31.4420994Z > Task :media3:lib-extractor:writeReleaseAarMetadata
Build APK	Build APK (clean) — release	2026-10-03T10:55:32.0359512Z > Task :app:parseReleaseLocalResources
Build APK	Build APK (clean) — release	2026-10-03T10:55:32.0375312Z > Task :media3:lib-container:writeReleaseAarMetadata
Build APK	Build APK (clean) — release	2026-10-03T10:55:32.1345291Z > Task :app:generateReleaseRFile
Build APK	Build APK (clean) — release	2026-10-03T10:55:32.3351220Z > Task :media3:lib-common:writeReleaseAarMetadata
Build APK	Build APK (clean) — release	2026-10-03T10:55:32.4345491Z > Task :media3:lib-session:writeReleaseAarMetadata
Build APK	Build APK (clean) — release	2026-10-03T10:55:32.4365448Z > Task :app:mergeReleaseArtProfile
Build APK	Build APK (clean) — release	2026-10-03T10:55:32.6361215Z > Task :media3:lib-database:writeReleaseAarMetadata
Build APK	Build APK (clean) — release	2026-10-03T10:55:35.5337710Z 
Build APK	Build APK (clean) — release	2026-10-03T10:55:35.5390789Z > Task :app:mergeReleaseResources
Build APK	Build APK (clean) — release	2026-10-03T10:55:35.5392508Z /home/runner/work/sunshine-music/sunshine-music/app/src/main/res/values/strings.xml:1071:4: Multiple substitutions specified in non-positional format of string resource string/duration_queue. Did you mean to add the formatted="false" attribute?
Build APK	Build APK (clean) — release	2026-10-03T10:55:35.6339798Z /home/runner/work/sunshine-music/sunshine-music/app/src/main/res/values/strings.xml:325:4: Multiple substitutions specified in non-positional format of string resource string/tempo_pitch_value. Did you mean to add the formatted="false" attribute?
Build APK	Build APK (clean) — release	2026-10-03T10:55:36.4350513Z /home/runner/work/sunshine-music/sunshine-music/app/src/main/res/values-pt/strings.xml:138:4: Multiple substitutions specified in non-positional format of string resource string/tempo_pitch_value. Did you mean to add the formatted="false" attribute?
Build APK	Build APK (clean) — release	2026-10-03T10:55:36.5337927Z /home/runner/work/sunshine-music/sunshine-music/app/src/main/res/values-ar/strings.xml:238:4: Multiple substitutions specified in non-positional format of string resource string/duration_queue. Did you mean to add the formatted="false" attribute?
Build APK	Build APK (clean) — release	2026-10-03T10:55:36.7344823Z /home/runner/work/sunshine-music/sunshine-music/app/src/main/res/values-uk/strings.xml:405:4: Multiple substitutions specified in non-positional format of string resource string/duration_queue. Did you mean to add the formatted="false" attribute?
Build APK	Build APK (clean) — release	2026-10-03T10:55:36.7371870Z /home/runner/work/sunshine-music/sunshine-music/app/src/main/res/values-uk/strings.xml:149:4: Multiple substitutions specified in non-positional format of string resource string/tempo_pitch_value. Did you mean to add the formatted="false" attribute?
Build APK	Build APK (clean) — release	2026-10-03T10:55:36.7401794Z /home/runner/work/sunshine-music/sunshine-music/app/src/main/res/values-es/strings.xml:504:4: Multiple substitutions specified in non-positional format of string resource string/duration_queue. Did you mean to add the formatted="false" attribute?
Build APK	Build APK (clean) — release	2026-10-03T10:55:36.7431733Z /home/runner/work/sunshine-music/sunshine-music/app/src/main/res/values-es/strings.xml:145:4: Multiple substitutions specified in non-positional format of string resource string/tempo_pitch_value. Did you mean to add the formatted="false" attribute?
Build APK	Build APK (clean) — release	2026-10-03T10:55:36.7441679Z /home/runner/work/sunshine-music/sunshine-music/app/src/main/res/values-zh-rCN/strings.xml:471:4: Multiple substitutions specified in non-positional format of string resource string/duration_queue. Did you mean to add the formatted="false" attribute?
Build APK	Build APK (clean) — release	2026-10-03T10:55:36.7461717Z /home/runner/work/sunshine-music/sunshine-music/app/src/main/res/values-zh-rCN/strings.xml:137:4: Multiple substitutions specified in non-positional format of string resource string/tempo_pitch_value. Did you mean to add the formatted="false" attribute?
Build APK	Build APK (clean) — release	2026-10-03T10:55:36.8363771Z /home/runner/work/sunshine-music/sunshine-music/app/src/main/res/values-gl/strings.xml:494:4: Multiple substitutions specified in non-positional format of string resource string/duration_queue. Did you mean to add the formatted="false" attribute?
Build APK	Build APK (clean) — release	2026-10-03T10:55:36.8371848Z /home/runner/work/sunshine-music/sunshine-music/app/src/main/res/values-gl/strings.xml:151:4: Multiple substitutions specified in non-positional format of string resource string/tempo_pitch_value. Did you mean to add the formatted="false" attribute?
Build APK	Build APK (clean) — release	2026-10-03T10:55:36.8421931Z /home/runner/work/sunshine-music/sunshine-music/app/src/main/res/values-in/strings.xml:473:4: Multiple substitutions specified in non-positional format of string resource string/duration_queue. Did you mean to add the formatted="false" attribute?
Build APK	Build APK (clean) — release	2026-10-03T10:55:36.8425352Z /home/runner/work/sunshine-music/sunshine-music/app/src/main/res/values-in/strings.xml:132:4: Multiple substitutions specified in non-positional format of string resource string/tempo_pitch_value. Did you mean to add the formatted="false" attribute?
Build APK	Build APK (clean) — release	2026-10-03T10:55:36.9360486Z /home/runner/work/sunshine-music/sunshine-music/app/src/main/res/values-lo/strings.xml:418:4: Multiple substitutions specified in non-positional format of string resource string/duration_queue. Did you mean to add the formatted="false" attribute?
Build APK	Build APK (clean) — release	2026-10-03T10:55:36.9363664Z /home/runner/work/sunshine-music/sunshine-music/app/src/main/res/values-lo/strings.xml:151:4: Multiple substitutions specified in non-positional format of string resource string/tempo_pitch_value. Did you mean to add the formatted="false" attribute?
Build APK	Build APK (clean) — release	2026-10-03T10:55:37.0375947Z /home/runner/work/sunshine-music/sunshine-music/app/src/main/res/values-pl/strings.xml:486:4: Multiple substitutions specified in non-positional format of string resource string/duration_queue. Did you mean to add the formatted="false" attribute?
Build APK	Build APK (clean) — release	2026-10-03T10:55:37.0379212Z /home/runner/work/sunshine-music/sunshine-music/app/src/main/res/values-pl/strings.xml:146:4: Multiple substitutions specified in non-positional format of string resource string/tempo_pitch_value. Did you mean to add the formatted="false" attribute?
Build APK	Build APK (clean) — release	2026-10-03T10:55:37.2352380Z /home/runner/work/sunshine-music/sunshine-music/app/src/main/res/values-ru/strings.xml:488:4: Multiple substitutions specified in non-positional format of string resource string/duration_queue. Did you mean to add the formatted="false" attribute?
Build APK	Build APK (clean) — release	2026-10-03T10:55:37.2391494Z /home/runner/work/sunshine-music/sunshine-music/app/src/main/res/values-ru/strings.xml:152:4: Multiple substitutions specified in non-positional format of string resource string/tempo_pitch_value. Did you mean to add the formatted="false" attribute?
Build APK	Build APK (clean) — release	2026-10-03T10:55:37.2451987Z /home/runner/work/sunshine-music/sunshine-music/app/src/main/res/values-ca/strings.xml:481:4: Multiple substitutions specified in non-positional format of string resource string/duration_queue. Did you mean to add the formatted="false" attribute?
Build APK	Build APK (clean) — release	2026-10-03T10:55:37.3352156Z /home/runner/work/sunshine-music/sunshine-music/app/src/main/res/values-ca/strings.xml:163:4: Multiple substitutions specified in non-positional format of string resource string/tempo_pitch_value. Did you mean to add the formatted="false" attribute?
Build APK	Build APK (clean) — release	2026-10-03T10:55:37.3401864Z /home/runner/work/sunshine-music/sunshine-music/app/src/main/res/values-ta/strings.xml:400:4: Multiple substitutions specified in non-positional format of string resource string/duration_queue. Did you mean to add the formatted="false" attribute?
Build APK	Build APK (clean) — release	2026-10-03T10:55:37.3431916Z /home/runner/work/sunshine-music/sunshine-music/app/src/main/res/values-ta/strings.xml:149:4: Multiple substitutions specified in non-positional format of string resource string/tempo_pitch_value. Did you mean to add the formatted="false" attribute?
Build APK	Build APK (clean) — release	2026-10-03T10:55:37.3462722Z /home/runner/work/sunshine-music/sunshine-music/app/src/main/res/values-de/strings.xml:486:4: Multiple substitutions specified in non-positional format of string resource string/duration_queue. Did you mean to add the formatted="false" attribute?
Build APK	Build APK (clean) — release	2026-10-03T10:55:37.3531818Z /home/runner/work/sunshine-music/sunshine-music/app/src/main/res/values-de/strings.xml:150:4: Multiple substitutions specified in non-positional format of string resource string/tempo_pitch_value. Did you mean to add the formatted="false" attribute?
Build APK	Build APK (clean) — release	2026-10-03T10:55:37.3571585Z /home/runner/work/sunshine-music/sunshine-music/app/src/main/res/values-et/strings.xml:476:4: Multiple substitutions specified in non-positional format of string resource string/duration_queue. Did you mean to add the formatted="false" attribute?
Build APK	Build APK (clean) — release	2026-10-03T10:55:37.3591965Z /home/runner/work/sunshine-music/sunshine-music/app/src/main/res/values-et/strings.xml:124:4: Multiple substitutions specified in non-positional format of string resource string/tempo_pitch_value. Did you mean to add the formatted="false" attribute?
Build APK	Build APK (clean) — release	2026-10-03T10:55:37.3595115Z /home/runner/work/sunshine-music/sunshine-music/app/src/main/res/values-vi/strings.xml:298:4: Multiple substitutions specified in non-positional format of string resource string/duration_queue. Did you mean to add the formatted="false" attribute?
Build APK	Build APK (clean) — release	2026-10-03T10:55:37.3651737Z /home/runner/work/sunshine-music/sunshine-music/app/src/main/res/values-vi/strings.xml:136:4: Multiple substitutions specified in non-positional format of string resource string/tempo_pitch_value. Did you mean to add the formatted="false" attribute?
Build APK	Build APK (clean) — release	2026-10-03T10:55:37.3681555Z /home/runner/work/sunshine-music/sunshine-music/app/src/main/res/values-fa/strings.xml:450:4: Multiple substitutions specified in non-positional format of string resource string/duration_queue. Did you mean to add the formatted="false" attribute?
Build APK	Build APK (clean) — release	2026-10-03T10:55:37.3705899Z /home/runner/work/sunshine-music/sunshine-music/app/src/main/res/values-fa/strings.xml:147:4: Multiple substitutions specified in non-positional format of string resource string/tempo_pitch_value. Did you mean to add the formatted="false" attribute?
Build APK	Build APK (clean) — release	2026-10-03T10:55:37.4361730Z /home/runner/work/sunshine-music/sunshine-music/app/src/main/res/values-fr/strings.xml:423:4: Multiple substitutions specified in non-positional format of string resource string/duration_queue. Did you mean to add the formatted="false" attribute?
Build APK	Build APK (clean) — release	2026-10-03T10:55:37.4364560Z /home/runner/work/sunshine-music/sunshine-music/app/src/main/res/values-fr/strings.xml:151:4: Multiple substitutions specified in non-positional format of string resource string/tempo_pitch_value. Did you mean to add the formatted="false" attribute?
Build APK	Build APK (clean) — release	2026-10-03T10:55:37.4366352Z /home/runner/work/sunshine-music/sunshine-music/app/src/main/res/values-hr/strings.xml:481:4: Multiple substitutions specified in non-positional format of string resource string/duration_queue. Did you mean to add the formatted="false" attribute?
Build APK	Build APK (clean) — release	2026-10-03T10:55:37.4367979Z /home/runner/work/sunshine-music/sunshine-music/app/src/main/res/values-hr/strings.xml:158:4: Multiple substitutions specified in non-positional format of string resource string/tempo_pitch_value. Did you mean to add the formatted="false" attribute?
Build APK	Build APK (clean) — release	2026-10-03T10:55:37.5356213Z /home/runner/work/sunshine-music/sunshine-music/app/src/main/res/values-ja/strings.xml:390:4: Multiple substitutions specified in non-positional format of string resource string/duration_queue. Did you mean to add the formatted="false" attribute?
Build APK	Build APK (clean) — release	2026-10-03T10:55:37.5382419Z /home/runner/work/sunshine-music/sunshine-music/app/src/main/res/values-ja/strings.xml:137:4: Multiple substitutions specified in non-positional format of string resource string/tempo_pitch_value. Did you mean to add the formatted="false" attribute?
Build APK	Build APK (clean) — release	2026-10-03T10:55:37.5411670Z /home/runner/work/sunshine-music/sunshine-music/app/src/main/res/values-ko/strings.xml:447:4: Multiple substitutions specified in non-positional format of string resource string/duration_queue. Did you mean to add the formatted="false" attribute?
Build APK	Build APK (clean) — release	2026-10-03T10:55:37.5441599Z /home/runner/work/sunshine-music/sunshine-music/app/src/main/res/values-ko/strings.xml:86:4: Multiple substitutions specified in non-positional format of string resource string/tempo_pitch_value. Did you mean to add the formatted="false" attribute?
Build APK	Build APK (clean) — release	2026-10-03T10:55:37.6336443Z 
Build APK	Build APK (clean) — release	2026-10-03T10:55:37.6361228Z > Task :media3:lib-datasource:writeReleaseAarMetadata
Build APK	Build APK (clean) — release	2026-10-03T10:55:39.2336729Z > Task :media3:lib-common-ktx:writeReleaseAarMetadata
Build APK	Build APK (clean) — release	2026-10-03T10:55:39.2360854Z > Task :media3:lib-decoder:writeReleaseAarMetadata
Build APK	Build APK (clean) — release	2026-10-03T10:55:39.2390754Z > Task :media3:lib-decoder-midi:writeReleaseAarMetadata
Build APK	Build APK (clean) — release	2026-10-03T10:55:39.2407651Z > Task :media3:lib-exoplayer:writeReleaseAarMetadata
Build APK	Build APK (clean) — release	2026-10-03T10:55:39.6363215Z > Task :media3:lib-container:processReleaseManifest
Build APK	Build APK (clean) — release	2026-10-03T10:55:39.6460793Z > Task :app:checkReleaseAarMetadata
Build APK	Build APK (clean) — release	2026-10-03T10:55:39.6520803Z > Task :media3:lib-decoder-midi:processReleaseManifest
Build APK	Build APK (clean) — release	2026-10-03T10:55:39.7381635Z > Task :media3:lib-database:extractDeepLinksRelease
Build APK	Build APK (clean) — release	2026-10-03T10:55:39.7400872Z > Task :media3:lib-decoder-midi:extractDeepLinksRelease FROM-CACHE
Build APK	Build APK (clean) — release	2026-10-03T10:55:39.7460853Z > Task :media3:lib-common-ktx:processReleaseManifest
Build APK	Build APK (clean) — release	2026-10-03T10:55:39.7461570Z > Task :hificore:checkReleaseAarMetadata
Build APK	Build APK (clean) — release	2026-10-03T10:55:39.7462166Z > Task :misc:alacdecoder:checkReleaseAarMetadata
Build APK	Build APK (clean) — release	2026-10-03T10:55:39.7500695Z > Task :misc:alacdecoder:bundleReleaseLocalLintAar
Build APK	Build APK (clean) — release	2026-10-03T10:55:39.7540596Z > Task :media3:lib-database:processReleaseManifest
Build APK	Build APK (clean) — release	2026-10-03T10:55:39.8360025Z > Task :media3:lib-datasource:processReleaseManifest
Build APK	Build APK (clean) — release	2026-10-03T10:55:39.8400812Z > Task :media3:lib-container:extractDeepLinksRelease FROM-CACHE
Build APK	Build APK (clean) — release	2026-10-03T10:55:39.8450189Z > Task :media3:lib-extractor:processReleaseManifest
Build APK	Build APK (clean) — release	2026-10-03T10:55:39.8470574Z > Task :media3:lib-exoplayer:processReleaseManifest
Build APK	Build APK (clean) — release	2026-10-03T10:55:39.8500616Z > Task :media3:lib-common:processReleaseManifest
Build APK	Build APK (clean) — release	2026-10-03T10:55:39.8540569Z > Task :media3:lib-session:extractDeepLinksRelease FROM-CACHE
Build APK	Build APK (clean) — release	2026-10-03T10:55:39.8597915Z > Task :media3:lib-datasource:extractDeepLinksRelease FROM-CACHE
Build APK	Build APK (clean) — release	2026-10-03T10:55:39.9350823Z > Task :media3:lib-session:processReleaseManifest
Build APK	Build APK (clean) — release	2026-10-03T10:55:39.9380595Z > Task :media3:lib-common:extractDeepLinksRelease FROM-CACHE
Build APK	Build APK (clean) — release	2026-10-03T10:55:39.9381705Z > Task :media3:lib-exoplayer:extractDeepLinksRelease FROM-CACHE
Build APK	Build APK (clean) — release	2026-10-03T10:55:39.9410645Z > Task :media3:lib-common-ktx:extractDeepLinksRelease FROM-CACHE
Build APK	Build APK (clean) — release	2026-10-03T10:55:39.9411617Z > Task :media3:lib-extractor:extractDeepLinksRelease FROM-CACHE
Build APK	Build APK (clean) — release	2026-10-03T10:55:39.9412445Z > Task :media3:lib-decoder:extractDeepLinksRelease FROM-CACHE
Build APK	Build APK (clean) — release	2026-10-03T10:55:39.9413157Z > Task :media3:lib-decoder:processReleaseManifest
Build APK	Build APK (clean) — release	2026-10-03T10:55:39.9413835Z > Task :media3:lib-common-ktx:mapReleaseSourceSetPaths
Build APK	Build APK (clean) — release	2026-10-03T10:55:40.4351255Z > Task :media3:lib-common-ktx:compileReleaseLibraryResources
Build APK	Build APK (clean) — release	2026-10-03T10:55:40.4411066Z > Task :media3:lib-exoplayer:mapReleaseSourceSetPaths
Build APK	Build APK (clean) — release	2026-10-03T10:55:41.4335631Z 
Build APK	Build APK (clean) — release	2026-10-03T10:55:41.4340862Z > Task :app:processReleaseMainManifest
Build APK	Build APK (clean) — release	2026-10-03T10:55:41.4365064Z package="org.akanework.gramophone" found in source AndroidManifest.xml: /home/runner/work/sunshine-music/sunshine-music/app/src/main/AndroidManifest.xml.
Build APK	Build APK (clean) — release	2026-10-03T10:55:41.4391065Z Setting the namespace via the package attribute in the source AndroidManifest.xml is no longer supported, and the value is ignored.
Build APK	Build APK (clean) — release	2026-10-03T10:55:41.4421266Z Recommendation: remove package="org.akanework.gramophone" from the source AndroidManifest.xml: /home/runner/work/sunshine-music/sunshine-music/app/src/main/AndroidManifest.xml.
Build APK	Build APK (clean) — release	2026-10-03T10:55:41.5341205Z 
Build APK	Build APK (clean) — release	2026-10-03T10:55:41.5372768Z > Task :app:processReleaseManifest
Build APK	Build APK (clean) — release	2026-10-03T10:55:41.5415412Z > Task :media3:lib-exoplayer:compileReleaseLibraryResources
Build APK	Build APK (clean) — release	2026-10-03T10:55:41.5467574Z > Task :media3:lib-extractor:mapReleaseSourceSetPaths
Build APK	Build APK (clean) — release	2026-10-03T10:55:41.5518212Z > Task :media3:lib-extractor:compileReleaseLibraryResources FROM-CACHE
Build APK	Build APK (clean) — release	2026-10-03T10:55:41.5546419Z > Task :media3:lib-common:mapReleaseSourceSetPaths
Build APK	Build APK (clean) — release	2026-10-03T10:55:41.5560934Z > Task :media3:lib-common:compileReleaseLibraryResources FROM-CACHE
Build APK	Build APK (clean) — release	2026-10-03T10:55:41.5561993Z > Task :media3:lib-session:mapReleaseSourceSetPaths
Build APK	Build APK (clean) — release	2026-10-03T10:55:41.5562887Z > Task :media3:lib-datasource:mapReleaseSourceSetPaths
Build APK	Build APK (clean) — release	2026-10-03T10:55:41.5563800Z > Task :media3:lib-datasource:compileReleaseLibraryResources FROM-CACHE
Build APK	Build APK (clean) — release	2026-10-03T10:55:41.6336504Z > Task :media3:lib-decoder-midi:mapReleaseSourceSetPaths
Build APK	Build APK (clean) — release	2026-10-03T10:55:41.6349103Z > Task :media3:lib-database:mapReleaseSourceSetPaths
Build APK	Build APK (clean) — release	2026-10-03T10:55:41.6350360Z > Task :media3:lib-database:compileReleaseLibraryResources FROM-CACHE
Build APK	Build APK (clean) — release	2026-10-03T10:55:41.6351206Z > Task :media3:lib-decoder:mapReleaseSourceSetPaths
Build APK	Build APK (clean) — release	2026-10-03T10:55:41.6351995Z > Task :media3:lib-container:mapReleaseSourceSetPaths
Build APK	Build APK (clean) — release	2026-10-03T10:55:41.6352995Z > Task :media3:lib-container:compileReleaseLibraryResources FROM-CACHE
Build APK	Build APK (clean) — release	2026-10-03T10:55:41.6353965Z > Task :media3:lib-decoder:compileReleaseLibraryResources FROM-CACHE
Build APK	Build APK (clean) — release	2026-10-03T10:55:41.6354882Z > Task :media3:lib-decoder-midi:compileReleaseLibraryResources FROM-CACHE
Build APK	Build APK (clean) — release	2026-10-03T10:55:41.6361401Z > Task :app:processReleaseManifestForPackage
Build APK	Build APK (clean) — release	2026-10-03T10:55:41.6362209Z > Task :hificore:compileReleaseKotlin
Build APK	Build APK (clean) — release	2026-10-03T10:55:41.8341091Z > Task :hificore:processReleaseJavaRes
Build APK	Build APK (clean) — release	2026-10-03T10:55:41.8391923Z > Task :hificore:mergeReleaseJavaResource
Build APK	Build APK (clean) — release	2026-10-03T10:55:41.9362700Z Note: Some input files use or override a deprecated API.
Build APK	Build APK (clean) — release	2026-10-03T10:55:41.9363570Z > Task :media3:lib-session:compileReleaseLibraryResources
Build APK	Build APK (clean) — release	2026-10-03T10:55:41.9364038Z 
Build APK	Build APK (clean) — release	2026-10-03T10:55:41.9364513Z Note: Recompile with -Xlint:deprecation for details.
Build APK	Build APK (clean) — release	2026-10-03T10:55:41.9400954Z > Task :hificore:compileReleaseJavaWithJavac
Build APK	Build APK (clean) — release	2026-10-03T10:55:41.9401710Z 
Build APK	Build APK (clean) — release	2026-10-03T10:55:41.9403124Z > Task :hificore:mergeReleaseGeneratedProguardFiles
Build APK	Build APK (clean) — release	2026-10-03T10:55:41.9404052Z > Task :media3:lib-common-ktx:bundleLibRuntimeToJarRelease
Build APK	Build APK (clean) — release	2026-10-03T10:55:42.7351267Z > Task :hificore:exportReleaseConsumerProguardFiles
Build APK	Build APK (clean) — release	2026-10-03T10:55:42.7370952Z > Task :media3:lib-container:bundleLibRuntimeToJarRelease
Build APK	Build APK (clean) — release	2026-10-03T10:55:42.7391416Z > Task :media3:lib-exoplayer:bundleLibRuntimeToJarRelease
Build APK	Build APK (clean) — release	2026-10-03T10:55:42.7392484Z > Task :hificore:bundleLibCompileToJarRelease
Build APK	Build APK (clean) — release	2026-10-03T10:55:44.3342739Z > Task :media3:lib-datasource:bundleLibRuntimeToJarRelease
Build APK	Build APK (clean) — release	2026-10-03T10:55:44.3350597Z > Task :app:processReleaseResources FAILED
Build APK	Build APK (clean) — release	2026-10-03T10:55:46.6341486Z > Task :media3:lib-common:bundleLibRuntimeToJarRelease
Build APK	Build APK (clean) — release	2026-10-03T10:55:46.6361555Z > Task :media3:lib-database:bundleLibRuntimeToJarRelease
Build APK	Build APK (clean) — release	2026-10-03T10:55:46.6391459Z > Task :media3:lib-decoder-midi:bundleLibRuntimeToJarRelease
Build APK	Build APK (clean) — release	2026-10-03T10:55:46.6400731Z > Task :media3:lib-extractor:bundleLibRuntimeToJarRelease
Build APK	Build APK (clean) — release	2026-10-03T10:55:46.6431950Z > Task :media3:lib-session:bundleLibRuntimeToJarRelease
Build APK	Build APK (clean) — release	2026-10-03T10:55:46.6432572Z > Task :media3:lib-decoder:bundleLibRuntimeToJarRelease
Build APK	Build APK (clean) — release	2026-10-03T10:55:46.6433142Z > Task :media3:lib-common-ktx:processReleaseJavaRes
Build APK	Build APK (clean) — release	2026-10-03T10:55:46.6433759Z > Task :media3:lib-exoplayer:processReleaseJavaRes NO-SOURCE
Build APK	Build APK (clean) — release	2026-10-03T10:55:46.6434403Z > Task :media3:lib-decoder:processReleaseJavaRes NO-SOURCE
Build APK	Build APK (clean) — release	2026-10-03T10:55:46.7336201Z > Task :media3:lib-container:processReleaseJavaRes NO-SOURCE
Build APK	Build APK (clean) — release	2026-10-03T10:55:46.7350671Z > Task :media3:lib-extractor:processReleaseJavaRes NO-SOURCE
Build APK	Build APK (clean) — release	2026-10-03T10:55:46.7360939Z > Task :media3:lib-database:processReleaseJavaRes NO-SOURCE
Build APK	Build APK (clean) — release	2026-10-03T10:55:46.7361937Z > Task :media3:lib-datasource:processReleaseJavaRes NO-SOURCE
Build APK	Build APK (clean) — release	2026-10-03T10:55:46.7362786Z > Task :media3:lib-session:processReleaseJavaRes NO-SOURCE
Build APK	Build APK (clean) — release	2026-10-03T10:55:46.7363646Z > Task :media3:lib-decoder-midi:processReleaseJavaRes NO-SOURCE
Build APK	Build APK (clean) — release	2026-10-03T10:55:46.7364467Z > Task :media3:lib-common:processReleaseJavaRes NO-SOURCE
Build APK	Build APK (clean) — release	2026-10-03T10:55:46.7365264Z > Task :media3:lib-common:generateReleaseAssets UP-TO-DATE
Build APK	Build APK (clean) — release	2026-10-03T10:55:46.7366034Z > Task :media3:lib-common:mergeReleaseAssets
Build APK	Build APK (clean) — release	2026-10-03T10:55:46.7366810Z > Task :media3:lib-common-ktx:generateReleaseAssets UP-TO-DATE
Build APK	Build APK (clean) — release	2026-10-03T10:55:46.7367580Z > Task :media3:lib-common-ktx:mergeReleaseAssets
Build APK	Build APK (clean) — release	2026-10-03T10:55:46.7368361Z > Task :media3:lib-database:generateReleaseAssets UP-TO-DATE
Build APK	Build APK (clean) — release	2026-10-03T10:55:46.7369100Z > Task :media3:lib-database:mergeReleaseAssets
Build APK	Build APK (clean) — release	2026-10-03T10:55:46.7369966Z > Task :media3:lib-exoplayer:generateReleaseAssets UP-TO-DATE
Build APK	Build APK (clean) — release	2026-10-03T10:55:46.7370779Z > Task :media3:lib-exoplayer:mergeReleaseAssets
Build APK	Build APK (clean) — release	2026-10-03T10:55:46.7371885Z > Task :media3:lib-datasource:generateReleaseAssets UP-TO-DATE
Build APK	Build APK (clean) — release	2026-10-03T10:55:46.7372608Z > Task :media3:lib-datasource:mergeReleaseAssets
Build APK	Build APK (clean) — release	2026-10-03T10:55:46.7373255Z > Task :media3:lib-decoder:generateReleaseAssets UP-TO-DATE
Build APK	Build APK (clean) — release	2026-10-03T10:55:46.7373981Z > Task :media3:lib-decoder:mergeReleaseAssets
Build APK	Build APK (clean) — release	2026-10-03T10:55:46.7374681Z > Task :media3:lib-decoder-midi:generateReleaseAssets UP-TO-DATE
Build APK	Build APK (clean) — release	2026-10-03T10:55:46.7375420Z > Task :media3:lib-decoder-midi:mergeReleaseAssets
Build APK	Build APK (clean) — release	2026-10-03T10:55:46.7376180Z > Task :media3:lib-extractor:generateReleaseAssets UP-TO-DATE
Build APK	Build APK (clean) — release	2026-10-03T10:55:46.7376920Z > Task :media3:lib-extractor:mergeReleaseAssets
Build APK	Build APK (clean) — release	2026-10-03T10:55:46.7377634Z > Task :media3:lib-container:generateReleaseAssets UP-TO-DATE
Build APK	Build APK (clean) — release	2026-10-03T10:55:46.7378367Z > Task :media3:lib-container:mergeReleaseAssets
Build APK	Build APK (clean) — release	2026-10-03T10:55:46.7379119Z > Task :media3:lib-session:generateReleaseAssets UP-TO-DATE
Build APK	Build APK (clean) — release	2026-10-03T10:55:46.7380050Z > Task :media3:lib-session:mergeReleaseAssets
Build APK	Build APK (clean) — release	2026-10-03T10:55:46.7380785Z > Task :media3:lib-container:prepareLintJarForPublish
Build APK	Build APK (clean) — release	2026-10-03T10:55:46.7381500Z > Task :media3:lib-database:createFullJarRelease
Build APK	Build APK (clean) — release	2026-10-03T10:55:46.7390376Z > Task :media3:lib-common:extractProguardFiles
Build APK	Build APK (clean) — release	2026-10-03T10:55:47.6336435Z > Task :media3:lib-common:generateReleaseLintModel
Build APK	Build APK (clean) — release	2026-10-03T10:55:47.6393541Z > Task :media3:lib-common:createFullJarRelease
Build APK	Build APK (clean) — release	2026-10-03T10:55:47.6394540Z > Task :media3:lib-common:prepareLintJarForPublish
Build APK	Build APK (clean) — release	2026-10-03T10:55:47.6420908Z > Task :media3:lib-container:extractProguardFiles
Build APK	Build APK (clean) — release	2026-10-03T10:55:47.7351091Z > Task :media3:lib-container:generateReleaseLintModel
Build APK	Build APK (clean) — release	2026-10-03T10:55:47.7378710Z > Task :media3:lib-container:createFullJarRelease
Build APK	Build APK (clean) — release	2026-10-03T10:55:47.7410601Z > Task :media3:lib-exoplayer:createFullJarRelease
Build APK	Build APK (clean) — release	2026-10-03T10:55:47.7438886Z > Task :media3:lib-datasource:createFullJarRelease
Build APK	Build APK (clean) — release	2026-10-03T10:55:47.8350724Z > Task :media3:lib-decoder:extractProguardFiles
Build APK	Build APK (clean) — release	2026-10-03T10:55:47.8371052Z > Task :media3:lib-decoder:generateReleaseLintModel
Build APK	Build APK (clean) — release	2026-10-03T10:55:47.8372493Z > Task :media3:lib-database:extractProguardFiles
Build APK	Build APK (clean) — release	2026-10-03T10:55:47.8373375Z > Task :media3:lib-database:generateReleaseLintModel
Build APK	Build APK (clean) — release	2026-10-03T10:55:47.8374187Z > Task :media3:lib-database:prepareLintJarForPublish
Build APK	Build APK (clean) — release	2026-10-03T10:55:47.8374949Z > Task :media3:lib-datasource:extractProguardFiles
Build APK	Build APK (clean) — release	2026-10-03T10:55:47.9350978Z > Task :media3:lib-datasource:generateReleaseLintModel
Build APK	Build APK (clean) — release	2026-10-03T10:55:47.9411941Z > Task :media3:lib-datasource:prepareLintJarForPublish
Build APK	Build APK (clean) — release	2026-10-03T10:55:47.9456275Z > Task :media3:lib-decoder:createFullJarRelease
Build APK	Build APK (clean) — release	2026-10-03T10:55:47.9479228Z > Task :media3:lib-decoder:prepareLintJarForPublish
Build APK	Build APK (clean) — release	2026-10-03T10:55:47.9505745Z > Task :media3:lib-exoplayer:extractProguardFiles
Build APK	Build APK (clean) — release	2026-10-03T10:55:47.9525812Z > Task :media3:lib-extractor:createFullJarRelease
Build APK	Build APK (clean) — release	2026-10-03T10:55:47.9551879Z > Task :media3:lib-extractor:extractProguardFiles
Build APK	Build APK (clean) — release	2026-10-03T10:55:47.9580691Z > Task :media3:lib-extractor:generateReleaseLintModel
Build APK	Build APK (clean) — release	2026-10-03T10:55:47.9610600Z > Task :media3:lib-extractor:prepareLintJarForPublish
Build APK	Build APK (clean) — release	2026-10-03T10:55:48.0341205Z > Task :media3:lib-exoplayer:generateReleaseLintModel
Build APK	Build APK (clean) — release	2026-10-03T10:55:48.0360062Z > Task :media3:lib-exoplayer:prepareLintJarForPublish
Build APK	Build APK (clean) — release	2026-10-03T10:55:48.0390690Z > Task :media3:lib-decoder-midi:prepareLintJarForPublish
Build APK	Build APK (clean) — release	2026-10-03T10:55:48.0415047Z > Task :media3:lib-common-ktx:createFullJarRelease
Build APK	Build APK (clean) — release	2026-10-03T10:55:48.0440568Z > Task :media3:lib-decoder-midi:extractProguardFiles
Build APK	Build APK (clean) — release	2026-10-03T10:55:48.0470416Z > Task :media3:lib-decoder-midi:generateReleaseLintModel
Build APK	Build APK (clean) — release	2026-10-03T10:55:48.0500469Z > Task :media3:lib-session:createFullJarRelease
Build APK	Build APK (clean) — release	2026-10-03T10:55:48.0509003Z > Task :media3:lib-common-ktx:prepareLintJarForPublish
Build APK	Build APK (clean) — release	2026-10-03T10:55:48.1343677Z > Task :media3:lib-decoder-midi:createFullJarRelease
Build APK	Build APK (clean) — release	2026-10-03T10:55:48.1390916Z > Task :media3:lib-common-ktx:extractProguardFiles
Build APK	Build APK (clean) — release	2026-10-03T10:55:48.1416795Z > Task :media3:lib-common-ktx:generateReleaseLintModel
Build APK	Build APK (clean) — release	2026-10-03T10:55:48.1440621Z > Task :media3:lib-session:prepareLintJarForPublish
Build APK	Build APK (clean) — release	2026-10-03T10:55:48.1492937Z > Task :media3:lib-session:extractProguardFiles
Build APK	Build APK (clean) — release	2026-10-03T10:55:48.2350915Z > Task :media3:lib-session:generateReleaseLintModel
Build APK	Build APK (clean) — release	2026-10-03T10:55:48.2380645Z > Task :media3:lib-common-ktx:checkReleaseAarMetadata
Build APK	Build APK (clean) — release	2026-10-03T10:55:48.2410586Z > Task :media3:lib-common-ktx:stripReleaseDebugSymbols NO-SOURCE
Build APK	Build APK (clean) — release	2026-10-03T10:55:48.2434842Z > Task :media3:lib-common-ktx:copyReleaseJniLibsProjectAndLocalJars
Build APK	Build APK (clean) — release	2026-10-03T10:55:48.2490616Z > Task :media3:lib-common-ktx:extractDeepLinksForAarRelease
Build APK	Build APK (clean) — release	2026-10-03T10:55:48.3341107Z > Task :media3:lib-common-ktx:extractReleaseAnnotations
Build APK	Build APK (clean) — release	2026-10-03T10:55:48.3353928Z > Task :media3:lib-common-ktx:mergeReleaseConsumerProguardFiles
Build APK	Build APK (clean) — release	2026-10-03T10:55:48.3354945Z > Task :media3:lib-common-ktx:mergeReleaseJavaResource
Build APK	Build APK (clean) — release	2026-10-03T10:55:48.4354784Z > Task :media3:lib-common-ktx:syncReleaseLibJars
Build APK	Build APK (clean) — release	2026-10-03T10:55:48.4411117Z > Task :media3:lib-common-ktx:bundleReleaseLocalLintAar
Build APK	Build APK (clean) — release	2026-10-03T10:55:48.4440757Z > Task :media3:lib-decoder-midi:checkReleaseAarMetadata
Build APK	Build APK (clean) — release	2026-10-03T10:55:48.4460916Z > Task :media3:lib-decoder-midi:stripReleaseDebugSymbols NO-SOURCE
Build APK	Build APK (clean) — release	2026-10-03T10:55:48.4500880Z > Task :media3:lib-decoder-midi:copyReleaseJniLibsProjectAndLocalJars
Build APK	Build APK (clean) — release	2026-10-03T10:55:48.4520724Z > Task :media3:lib-decoder-midi:extractDeepLinksForAarRelease FROM-CACHE
Build APK	Build APK (clean) — release	2026-10-03T10:55:51.3391211Z > Task :media3:lib-decoder-midi:extractReleaseAnnotations
Build APK	Build APK (clean) — release	2026-10-03T10:55:51.3480987Z > Task :media3:lib-decoder-midi:mergeReleaseConsumerProguardFiles
Build APK	Build APK (clean) — release	2026-10-03T10:55:51.4350776Z > Task :media3:lib-decoder-midi:mergeReleaseJavaResource
Build APK	Build APK (clean) — release	2026-10-03T10:55:51.4351734Z > Task :media3:lib-decoder-midi:syncReleaseLibJars
Build APK	Build APK (clean) — release	2026-10-03T10:55:51.4375760Z > Task :media3:lib-decoder-midi:bundleReleaseLocalLintAar
Build APK	Build APK (clean) — release	2026-10-03T10:55:51.4400609Z > Task :media3:lib-exoplayer:checkReleaseAarMetadata
Build APK	Build APK (clean) — release	2026-10-03T10:55:51.4430648Z > Task :media3:lib-exoplayer:stripReleaseDebugSymbols NO-SOURCE
Build APK	Build APK (clean) — release	2026-10-03T10:55:51.4460562Z > Task :media3:lib-exoplayer:copyReleaseJniLibsProjectAndLocalJars
Build APK	Build APK (clean) — release	2026-10-03T10:55:51.4461619Z > Task :media3:lib-exoplayer:extractDeepLinksForAarRelease FROM-CACHE
Build APK	Build APK (clean) — release	2026-10-03T10:55:55.6361244Z > Task :media3:lib-exoplayer:extractReleaseAnnotations
Build APK	Build APK (clean) — release	2026-10-03T10:55:55.6400819Z > Task :media3:lib-exoplayer:mergeReleaseConsumerProguardFiles
Build APK	Build APK (clean) — release	2026-10-03T10:55:55.7337998Z > Task :media3:lib-exoplayer:mergeReleaseJavaResource
Build APK	Build APK (clean) — release	2026-10-03T10:55:56.2363960Z > Task :media3:lib-exoplayer:syncReleaseLibJars
Build APK	Build APK (clean) — release	2026-10-03T10:55:56.3337083Z > Task :media3:lib-exoplayer:bundleReleaseLocalLintAar
Build APK	Build APK (clean) — release	2026-10-03T10:55:56.3364559Z > Task :media3:lib-extractor:checkReleaseAarMetadata
Build APK	Build APK (clean) — release	2026-10-03T10:55:56.3450751Z > Task :media3:lib-extractor:stripReleaseDebugSymbols NO-SOURCE
Build APK	Build APK (clean) — release	2026-10-03T10:55:56.3480725Z > Task :media3:lib-extractor:copyReleaseJniLibsProjectAndLocalJars
Build APK	Build APK (clean) — release	2026-10-03T10:55:56.3481696Z > Task :media3:lib-extractor:extractDeepLinksForAarRelease FROM-CACHE
Build APK	Build APK (clean) — release	2026-10-03T10:55:57.4349843Z > Task :media3:lib-extractor:extractReleaseAnnotations
Build APK	Build APK (clean) — release	2026-10-03T10:55:57.4400748Z > Task :media3:lib-extractor:mergeReleaseConsumerProguardFiles
Build APK	Build APK (clean) — release	2026-10-03T10:55:57.4430689Z > Task :media3:lib-extractor:mergeReleaseJavaResource
Build APK	Build APK (clean) — release	2026-10-03T10:55:57.7360982Z > Task :media3:lib-extractor:syncReleaseLibJars
Build APK	Build APK (clean) — release	2026-10-03T10:55:57.7393559Z > Task :media3:lib-extractor:bundleReleaseLocalLintAar
Build APK	Build APK (clean) — release	2026-10-03T10:55:57.8361018Z > Task :media3:lib-container:checkReleaseAarMetadata
Build APK	Build APK (clean) — release	2026-10-03T10:55:57.8414105Z > Task :media3:lib-container:stripReleaseDebugSymbols NO-SOURCE
Build APK	Build APK (clean) — release	2026-10-03T10:55:57.8450748Z > Task :media3:lib-container:copyReleaseJniLibsProjectAndLocalJars
Build APK	Build APK (clean) — release	2026-10-03T10:55:57.8510564Z > Task :media3:lib-container:extractDeepLinksForAarRelease FROM-CACHE
Build APK	Build APK (clean) — release	2026-10-03T10:55:57.8536680Z > Task :media3:lib-container:extractReleaseAnnotations
Build APK	Build APK (clean) — release	2026-10-03T10:55:57.8550605Z > Task :media3:lib-container:mergeReleaseConsumerProguardFiles
Build APK	Build APK (clean) — release	2026-10-03T10:55:57.8590491Z > Task :media3:lib-container:mergeReleaseJavaResource
Build APK	Build APK (clean) — release	2026-10-03T10:55:57.8621426Z > Task :media3:lib-container:syncReleaseLibJars
Build APK	Build APK (clean) — release	2026-10-03T10:55:57.8650516Z > Task :media3:lib-container:bundleReleaseLocalLintAar
Build APK	Build APK (clean) — release	2026-10-03T10:55:57.8651791Z > Task :media3:lib-datasource:checkReleaseAarMetadata
Build APK	Build APK (clean) — release	2026-10-03T10:55:57.8652518Z > Task :media3:lib-datasource:stripReleaseDebugSymbols NO-SOURCE
Build APK	Build APK (clean) — release	2026-10-03T10:55:57.8653367Z > Task :media3:lib-datasource:copyReleaseJniLibsProjectAndLocalJars
Build APK	Build APK (clean) — release	2026-10-03T10:55:57.8654211Z > Task :media3:lib-datasource:extractDeepLinksForAarRelease FROM-CACHE
Build APK	Build APK (clean) — release	2026-10-03T10:55:58.1351257Z > Task :media3:lib-datasource:extractReleaseAnnotations
Build APK	Build APK (clean) — release	2026-10-03T10:55:58.1380945Z > Task :media3:lib-datasource:mergeReleaseConsumerProguardFiles
Build APK	Build APK (clean) — release	2026-10-03T10:55:58.1410447Z > Task :media3:lib-datasource:mergeReleaseJavaResource
Build APK	Build APK (clean) — release	2026-10-03T10:55:58.2340933Z > Task :media3:lib-datasource:syncReleaseLibJars
Build APK	Build APK (clean) — release	2026-10-03T10:55:58.2370830Z > Task :media3:lib-datasource:bundleReleaseLocalLintAar
Build APK	Build APK (clean) — release	2026-10-03T10:55:58.2390884Z > Task :media3:lib-decoder:checkReleaseAarMetadata
Build APK	Build APK (clean) — release	2026-10-03T10:55:58.2420685Z > Task :media3:lib-decoder:stripReleaseDebugSymbols NO-SOURCE
Build APK	Build APK (clean) — release	2026-10-03T10:55:58.2430756Z > Task :media3:lib-decoder:copyReleaseJniLibsProjectAndLocalJars
Build APK	Build APK (clean) — release	2026-10-03T10:55:58.2450684Z > Task :media3:lib-decoder:extractDeepLinksForAarRelease FROM-CACHE
Build APK	Build APK (clean) — release	2026-10-03T10:55:58.3372884Z > Task :media3:lib-decoder:extractReleaseAnnotations
Build APK	Build APK (clean) — release	2026-10-03T10:55:58.3420820Z > Task :media3:lib-decoder:mergeReleaseConsumerProguardFiles
Build APK	Build APK (clean) — release	2026-10-03T10:55:58.3480776Z > Task :media3:lib-decoder:mergeReleaseJavaResource
Build APK	Build APK (clean) — release	2026-10-03T10:55:58.4381094Z > Task :media3:lib-decoder:syncReleaseLibJars
Build APK	Build APK (clean) — release	2026-10-03T10:55:58.4430883Z > Task :media3:lib-decoder:bundleReleaseLocalLintAar
Build APK	Build APK (clean) — release	2026-10-03T10:55:58.4470616Z > Task :media3:lib-database:checkReleaseAarMetadata
Build APK	Build APK (clean) — release	2026-10-03T10:55:58.4500739Z > Task :media3:lib-database:stripReleaseDebugSymbols NO-SOURCE
Build APK	Build APK (clean) — release	2026-10-03T10:55:58.4501648Z > Task :media3:lib-database:copyReleaseJniLibsProjectAndLocalJars
Build APK	Build APK (clean) — release	2026-10-03T10:55:58.4530667Z > Task :media3:lib-database:extractDeepLinksForAarRelease FROM-CACHE
Build APK	Build APK (clean) — release	2026-10-03T10:55:58.5380890Z > Task :media3:lib-database:extractReleaseAnnotations
Build APK	Build APK (clean) — release	2026-10-03T10:55:58.5390660Z > Task :media3:lib-database:mergeReleaseConsumerProguardFiles
Build APK	Build APK (clean) — release	2026-10-03T10:55:58.5410875Z > Task :media3:lib-database:mergeReleaseJavaResource
Build APK	Build APK (clean) — release	2026-10-03T10:55:58.5440551Z > Task :media3:lib-database:syncReleaseLibJars
Build APK	Build APK (clean) — release	2026-10-03T10:55:58.5470492Z > Task :media3:lib-database:bundleReleaseLocalLintAar
Build APK	Build APK (clean) — release	2026-10-03T10:55:58.5500459Z > Task :media3:lib-common:checkReleaseAarMetadata
Build APK	Build APK (clean) — release	2026-10-03T10:55:58.5530516Z > Task :media3:lib-common:stripReleaseDebugSymbols NO-SOURCE
Build APK	Build APK (clean) — release	2026-10-03T10:55:58.5555598Z > Task :media3:lib-common:copyReleaseJniLibsProjectAndLocalJars
Build APK	Build APK (clean) — release	2026-10-03T10:55:58.5590540Z > Task :media3:lib-common:extractDeepLinksForAarRelease FROM-CACHE
Build APK	Build APK (clean) — release	2026-10-03T10:55:59.5347864Z > Task :media3:lib-common:extractReleaseAnnotations
Build APK	Build APK (clean) — release	2026-10-03T10:55:59.5401170Z > Task :media3:lib-common:mergeReleaseConsumerProguardFiles
Build APK	Build APK (clean) — release	2026-10-03T10:55:59.5440714Z > Task :media3:lib-common:mergeReleaseJavaResource
Build APK	Build APK (clean) — release	2026-10-03T10:55:59.7370920Z > Task :media3:lib-common:syncReleaseLibJars
Build APK	Build APK (clean) — release	2026-10-03T10:55:59.7390899Z > Task :media3:lib-common:bundleReleaseLocalLintAar
Build APK	Build APK (clean) — release	2026-10-03T10:55:59.7460621Z > Task :media3:lib-session:checkReleaseAarMetadata
Build APK	Build APK (clean) — release	2026-10-03T10:55:59.7480536Z > Task :media3:lib-session:stripReleaseDebugSymbols NO-SOURCE
Build APK	Build APK (clean) — release	2026-10-03T10:55:59.7481363Z > Task :media3:lib-session:copyReleaseJniLibsProjectAndLocalJars
Build APK	Build APK (clean) — release	2026-10-03T10:55:59.7482135Z > Task :media3:lib-session:extractDeepLinksForAarRelease FROM-CACHE
Build APK	Build APK (clean) — release	2026-10-03T10:56:00.5336193Z > Task :media3:lib-session:extractReleaseAnnotations
Build APK	Build APK (clean) — release	2026-10-03T10:56:00.5360688Z > Task :media3:lib-session:mergeReleaseConsumerProguardFiles
Build APK	Build APK (clean) — release	2026-10-03T10:56:00.5380645Z > Task :media3:lib-session:mergeReleaseJavaResource
Build APK	Build APK (clean) — release	2026-10-03T10:56:00.7338003Z > Task :media3:lib-session:syncReleaseLibJars
Build APK	Build APK (clean) — release	2026-10-03T10:56:00.7363952Z > Task :media3:lib-session:bundleReleaseLocalLintAar
Build APK	Build APK (clean) — release	2026-10-03T10:56:00.7390886Z > Task :media3:lib-container:writeReleaseLintModelMetadata
Build APK	Build APK (clean) — release	2026-10-03T10:56:00.7421367Z > Task :media3:lib-extractor:writeReleaseLintModelMetadata
Build APK	Build APK (clean) — release	2026-10-03T10:56:00.7480503Z > Task :media3:lib-decoder:writeReleaseLintModelMetadata
Build APK	Build APK (clean) — release	2026-10-03T10:56:00.7510610Z > Task :media3:lib-database:writeReleaseLintModelMetadata
Build APK	Build APK (clean) — release	2026-10-03T10:56:00.7540500Z > Task :media3:lib-datasource:writeReleaseLintModelMetadata
Build APK	Build APK (clean) — release	2026-10-03T10:56:00.8341229Z > Task :media3:lib-exoplayer:writeReleaseLintModelMetadata
Build APK	Build APK (clean) — release	2026-10-03T10:56:00.8365740Z > Task :media3:lib-common:writeReleaseLintModelMetadata
Build APK	Build APK (clean) — release	2026-10-03T10:56:06.2361003Z > Task :media3:lib-datasource:lintVitalAnalyzeRelease
Build APK	Build APK (clean) — release	2026-10-03T10:56:09.8361005Z > Task :media3:lib-session:lintVitalAnalyzeRelease
Build APK	Build APK (clean) — release	2026-10-03T10:56:09.8392097Z > Task :media3:lib-session:writeReleaseLintModelMetadata
Build APK	Build APK (clean) — release	2026-10-03T10:56:09.8458594Z > Task :media3:lib-decoder-midi:writeReleaseLintModelMetadata
Build APK	Build APK (clean) — release	2026-10-03T10:56:09.8480638Z > Task :media3:lib-common-ktx:writeReleaseLintModelMetadata
Build APK	Build APK (clean) — release	2026-10-03T10:56:11.0336071Z > Task :media3:lib-decoder-midi:lintVitalAnalyzeRelease
Build APK	Build APK (clean) — release	2026-10-03T10:56:11.3361245Z > Task :media3:lib-database:lintVitalAnalyzeRelease
Build APK	Build APK (clean) — release	2026-10-03T10:56:12.7380726Z > Task :app:compileReleaseKotlin
Build APK	Build APK (clean) — release	2026-10-03T10:56:15.4337432Z e: file:///home/runner/work/sunshine-music/sunshine-music/app/src/main/java/org/akanework/gramophone/ui/FileOpUtils.kt:43:65 Unresolved reference 'search'.
Build APK	Build APK (clean) — release	2026-10-03T10:56:15.4338529Z 
Build APK	Build APK (clean) — release	2026-10-03T10:56:15.4361919Z e: file:///home/runner/work/sunshine-music/sunshine-music/app/src/main/java/org/akanework/gramophone/ui/fragments/SearchFragment.kt:84:38 Unresolved reference 'search'.
Build APK	Build APK (clean) — release	2026-10-03T10:56:15.4363206Z > Task :app:compileReleaseKotlin FAILED
Build APK	Build APK (clean) — release	2026-10-03T10:56:15.4391601Z e: file:///home/runner/work/sunshine-music/sunshine-music/app/src/main/java/org/akanework/gramophone/ui/fragments/ViewPagerFragment.kt:96:19 Unresolved reference 'it'.
Build APK	Build APK (clean) — release	2026-10-03T10:56:15.9338972Z > Task :media3:lib-container:lintVitalAnalyzeRelease
Build APK	Build APK (clean) — release	2026-10-03T10:56:16.1335759Z > Task :media3:lib-common:lintVitalAnalyzeRelease
Build APK	Build APK (clean) — release	2026-10-03T10:56:16.4341182Z > Task :media3:lib-decoder:lintVitalAnalyzeRelease
Build APK	Build APK (clean) — release	2026-10-03T10:56:17.9341186Z > Task :media3:lib-common-ktx:lintVitalAnalyzeRelease
Build APK	Build APK (clean) — release	2026-10-03T10:56:18.7346965Z > Task :media3:lib-exoplayer:lintVitalAnalyzeRelease
Build APK	Build APK (clean) — release	2026-10-03T10:56:18.7376361Z > Task :media3:lib-exoplayer:generateReleaseLintVitalModel
Build APK	Build APK (clean) — release	2026-10-03T10:56:18.7394029Z > Task :media3:lib-common:generateReleaseLintVitalModel
Build APK	Build APK (clean) — release	2026-10-03T10:56:18.7417672Z > Task :media3:lib-session:generateReleaseLintVitalModel
Build APK	Build APK (clean) — release	2026-10-03T10:56:18.7457339Z > Task :media3:lib-database:generateReleaseLintVitalModel
Build APK	Build APK (clean) — release	2026-10-03T10:56:18.7464753Z > Task :media3:lib-datasource:generateReleaseLintVitalModel
Build APK	Build APK (clean) — release	2026-10-03T10:56:18.8336378Z > Task :media3:lib-common-ktx:generateReleaseLintVitalModel
Build APK	Build APK (clean) — release	2026-10-03T10:56:18.8338314Z > Task :media3:lib-extractor:generateReleaseLintVitalModel
Build APK	Build APK (clean) — release	2026-10-03T10:56:18.8339263Z > Task :media3:lib-container:generateReleaseLintVitalModel
Build APK	Build APK (clean) — release	2026-10-03T10:56:18.8340265Z > Task :media3:lib-decoder:generateReleaseLintVitalModel
Build APK	Build APK (clean) — release	2026-10-03T10:56:18.8341127Z > Task :media3:lib-decoder-midi:generateReleaseLintVitalModel
Build APK	Build APK (clean) — release	2026-10-03T10:56:19.0336473Z > Task :media3:lib-extractor:lintVitalAnalyzeRelease
Build APK	Build APK (clean) — release	2026-10-03T10:56:19.1335122Z 
Build APK	Build APK (clean) — release	2026-10-03T10:56:19.1336434Z gradle/actions: Writing build results to /home/runner/work/_temp/.gradle-actions/build-results/__run_3-1791024763047.json
Build APK	Build APK (clean) — release	2026-10-03T10:56:19.1337437Z 
Build APK	Build APK (clean) — release	2026-10-03T10:56:19.1338599Z [Incubating] Problems report is available at: file:///home/runner/work/sunshine-music/sunshine-music/build/reports/problems/problems-report.html
Build APK	Build APK (clean) — release	2026-10-03T10:56:19.1342659Z FAILURE: Build completed with 2 failures.
Build APK	Build APK (clean) — release	2026-10-03T10:56:19.1343169Z 
Build APK	Build APK (clean) — release	2026-10-03T10:56:19.1343567Z 1: Task failed with an exception.
Build APK	Build APK (clean) — release	2026-10-03T10:56:19.1344105Z -----------
Build APK	Build APK (clean) — release	2026-10-03T10:56:19.1344618Z * What went wrong:
Build APK	Build APK (clean) — release	2026-10-03T10:56:19.1345330Z Execution failed for task ':app:processReleaseResources'.
Build APK	Build APK (clean) — release	2026-10-03T10:56:19.1346860Z > A failure occurred while executing com.android.build.gradle.internal.res.LinkApplicationAndroidResourcesTask$TaskAction
Build APK	Build APK (clean) — release	2026-10-03T10:56:19.1348137Z    > Android resource linking failed
Build APK	Build APK (clean) — release	2026-10-03T10:56:19.1349845Z      warn: removing resource org.akanework.gramophone.sunshinemusic:string/settings_content_based_color without required default value.
Build APK	Build APK (clean) — release	2026-10-03T10:56:19.1351502Z      warn: removing resource org.akanework.gramophone.sunshinemusic:string/settings_content_based_color_summary without required default value.
Build APK	Build APK (clean) — release	2026-10-03T10:56:19.1353816Z      org.akanework.gramophone.app-mergeReleaseResources-68:/values/values.xml:7875: error: style attribute 'attr/colorSurfaceTint (aka org.akanework.gramophone.sunshinemusic:attr/colorSurfaceTint)' not found.
Build APK	Build APK (clean) — release	2026-10-03T10:56:19.1356569Z      org.akanework.gramophone.app-mergeReleaseResources-68:/values/values.xml:8942: error: style attribute 'attr/colorSurfaceTint (aka org.akanework.gramophone.sunshinemusic:attr/colorSurfaceTint)' not found.
Build APK	Build APK (clean) — release	2026-10-03T10:56:19.1359100Z      org.akanework.gramophone.app-mergeReleaseResources-68:/values/values.xml:9179: error: style attribute 'attr/colorSurfaceTint (aka org.akanework.gramophone.sunshinemusic:attr/colorSurfaceTint)' not found.
Build APK	Build APK (clean) — release	2026-10-03T10:56:19.1361981Z      org.akanework.gramophone.app-mergeReleaseResources-68:/values/values.xml:9887: error: style attribute 'attr/colorSurfaceTint (aka org.akanework.gramophone.sunshinemusic:attr/colorSurfaceTint)' not found.
Build APK	Build APK (clean) — release	2026-10-03T10:56:19.1363458Z      error: failed linking references.
Build APK	Build APK (clean) — release	2026-10-03T10:56:19.1363874Z 
Build APK	Build APK (clean) — release	2026-10-03T10:56:19.1364016Z 
Build APK	Build APK (clean) — release	2026-10-03T10:56:19.1364375Z * Try:
Build APK	Build APK (clean) — release	2026-10-03T10:56:19.1367721Z > Run with --info or --debug option to get more log output.
Build APK	Build APK (clean) — release	2026-10-03T10:56:19.1368786Z > Run with --scan to get full insights from a Build Scan (powered by Develocity).
Build APK	Build APK (clean) — release	2026-10-03T10:56:19.1369926Z > Get more help at https://help.gradle.org.
Build APK	Build APK (clean) — release	2026-10-03T10:56:19.1370332Z 
Build APK	Build APK (clean) — release	2026-10-03T10:56:19.1370598Z * Exception is:
Build APK	Build APK (clean) — release	2026-10-03T10:56:19.1371542Z org.gradle.api.tasks.TaskExecutionException: Execution failed for task ':app:processReleaseResources'.
Build APK	Build APK (clean) — release	2026-10-03T10:56:19.1373288Z 	at org.gradle.api.internal.tasks.execution.ExecuteActionsTaskExecuter.lambda$executeIfValid$1(ExecuteActionsTaskExecuter.java:135)
Build APK	Build APK (clean) — release	2026-10-03T10:56:19.1375708Z 	at org.gradle.internal.Try$Failure.ifSuccessfulOrElse(Try.java:288)
Build APK	Build APK (clean) — release	2026-10-03T10:56:19.1377146Z 	at org.gradle.api.internal.tasks.execution.ExecuteActionsTaskExecuter.executeIfValid(ExecuteActionsTaskExecuter.java:133)
Build APK	Build APK (clean) — release	2026-10-03T10:56:19.1379416Z 	at org.gradle.api.internal.tasks.execution.ExecuteActionsTaskExecuter.execute(ExecuteActionsTaskExecuter.java:121)
Build APK	Build APK (clean) — release	2026-10-03T10:56:19.1381541Z 	at org.gradle.api.internal.tasks.execution.ProblemsTaskPathTrackingTaskExecuter.execute(ProblemsTaskPathTrackingTaskExecuter.java:41)
Build APK	Build APK (clean) — release	2026-10-03T10:56:19.1384105Z 	at org.gradle.api.internal.tasks.execution.ResolveTaskExecutionModeExecuter.execute(ResolveTaskExecutionModeExecuter.java:51)
Build APK	Build APK (clean) — release	2026-10-03T10:56:19.1386429Z 	at org.gradle.api.internal.tasks.execution.FinalizePropertiesTaskExecuter.execute(FinalizePropertiesTaskExecuter.java:46)
Build APK	Build APK (clean) — release	2026-10-03T10:56:19.1421036Z 529 actionable tasks: 448 executed, 74 from cache, 7 up-to-date
Build APK	Build APK (clean) — release	2026-10-03T10:56:19.1430604Z Configuration cache entry stored.
Build APK	Build APK (clean) — release	2026-10-03T10:56:19.1441416Z 	at org.gradle.api.internal.tasks.execution.SkipTaskWithNoActionsExecuter.execute(SkipTaskWithNoActionsExecuter.java:57)
Build APK	Build APK (clean) — release	2026-10-03T10:56:19.1455332Z 	at org.gradle.api.internal.tasks.execution.SkipOnlyIfTaskExecuter.execute(SkipOnlyIfTaskExecuter.java:74)
Build APK	Build APK (clean) — release	2026-10-03T10:56:19.1474063Z 	at org.gradle.api.internal.tasks.execution.CatchExceptionTaskExecuter.execute(CatchExceptionTaskExecuter.java:36)
Build APK	Build APK (clean) — release	2026-10-03T10:56:19.1482618Z 	at org.gradle.api.internal.tasks.execution.EventFiringTaskExecuter$1.executeTask(EventFiringTaskExecuter.java:77)
Build APK	Build APK (clean) — release	2026-10-03T10:56:19.1511149Z 	at org.gradle.api.internal.tasks.execution.EventFiringTaskExecuter$1.call(EventFiringTaskExecuter.java:55)
Build APK	Build APK (clean) — release	2026-10-03T10:56:19.1522366Z 	at org.gradle.api.internal.tasks.execution.EventFiringTaskExecuter$1.call(EventFiringTaskExecuter.java:52)
Build APK	Build APK (clean) — release	2026-10-03T10:56:19.1531457Z 	at org.gradle.internal.operations.DefaultBuildOperationRunner$CallableBuildOperationWorker.execute(DefaultBuildOperationRunner.java:210)
Build APK	Build APK (clean) — release	2026-10-03T10:56:19.1535538Z 	at org.gradle.internal.operations.DefaultBuildOperationRunner$CallableBuildOperationWorker.execute(DefaultBuildOperationRunner.java:205)
Build APK	Build APK (clean) — release	2026-10-03T10:56:19.1537398Z 	at org.gradle.internal.operations.DefaultBuildOperationRunner$2.execute(DefaultBuildOperationRunner.java:67)
Build APK	Build APK (clean) — release	2026-10-03T10:56:19.1539005Z 	at org.gradle.internal.operations.DefaultBuildOperationRunner$2.execute(DefaultBuildOperationRunner.java:60)
Build APK	Build APK (clean) — release	2026-10-03T10:56:19.1540740Z 	at org.gradle.internal.operations.DefaultBuildOperationRunner.execute(DefaultBuildOperationRunner.java:167)
Build APK	Build APK (clean) — release	2026-10-03T10:56:19.1542333Z 	at org.gradle.internal.operations.DefaultBuildOperationRunner.execute(DefaultBuildOperationRunner.java:60)
Build APK	Build APK (clean) — release	2026-10-03T10:56:19.1543951Z 	at org.gradle.internal.operations.DefaultBuildOperationRunner.call(DefaultBuildOperationRunner.java:54)
Build APK	Build APK (clean) — release	2026-10-03T10:56:19.1545453Z 	at org.gradle.api.internal.tasks.execution.EventFiringTaskExecuter.execute(EventFiringTaskExecuter.java:52)
Build APK	Build APK (clean) — release	2026-10-03T10:56:19.1546925Z 	at org.gradle.execution.plan.DefaultNodeExecutor.executeLocalTaskNode(DefaultNodeExecutor.java:55)
Build APK	Build APK (clean) — release	2026-10-03T10:56:19.1548221Z 	at org.gradle.execution.plan.DefaultNodeExecutor.execute(DefaultNodeExecutor.java:34)
Build APK	Build APK (clean) — release	2026-10-03T10:56:19.1549832Z 	at org.gradle.execution.taskgraph.DefaultTaskExecutionGraph$InvokeNodeExecutorsAction.execute(DefaultTaskExecutionGraph.java:355)
Build APK	Build APK (clean) — release	2026-10-03T10:56:19.1552901Z 	at org.gradle.execution.taskgraph.DefaultTaskExecutionGraph$InvokeNodeExecutorsAction.execute(DefaultTaskExecutionGraph.java:343)
Build APK	Build APK (clean) — release	2026-10-03T10:56:19.1557616Z 	at org.gradle.execution.taskgraph.DefaultTaskExecutionGraph$BuildOperationAwareExecutionAction.lambda$execute$0(DefaultTaskExecutionGraph.java:339)
Build APK	Build APK (clean) — release	2026-10-03T10:56:19.1559439Z 	at org.gradle.internal.operations.CurrentBuildOperationRef.with(CurrentBuildOperationRef.java:84)
Build APK	Build APK (clean) — release	2026-10-03T10:56:19.1561736Z 	at org.gradle.execution.taskgraph.DefaultTaskExecutionGraph$BuildOperationAwareExecutionAction.execute(DefaultTaskExecutionGraph.java:339)
Build APK	Build APK (clean) — release	2026-10-03T10:56:19.1563518Z 	at org.gradle.execution.taskgraph.DefaultTaskExecutionGraph$BuildOperationAwareExecutionAction.execute(DefaultTaskExecutionGraph.java:328)
Build APK	Build APK (clean) — release	2026-10-03T10:56:19.1565041Z 	at org.gradle.execution.plan.DefaultPlanExecutor$ExecutorWorker.execute(DefaultPlanExecutor.java:459)
Build APK	Build APK (clean) — release	2026-10-03T10:56:19.1566272Z 	at org.gradle.execution.plan.DefaultPlanExecutor$ExecutorWorker.run(DefaultPlanExecutor.java:376)
Build APK	Build APK (clean) — release	2026-10-03T10:56:19.1567521Z 	at org.gradle.execution.plan.DefaultPlanExecutor.process(DefaultPlanExecutor.java:111)
Build APK	Build APK (clean) — release	2026-10-03T10:56:19.1600597Z 	at org.gradle.execution.taskgraph.DefaultTaskExecutionGraph.executeWithServices(DefaultTaskExecutionGraph.java:146)
Build APK	Build APK (clean) — release	2026-10-03T10:56:19.1602215Z 	at org.gradle.execution.taskgraph.DefaultTaskExecutionGraph.execute(DefaultTaskExecutionGraph.java:131)
Build APK	Build APK (clean) — release	2026-10-03T10:56:19.1603572Z 	at org.gradle.execution.SelectedTaskExecutionAction.execute(SelectedTaskExecutionAction.java:35)
Build APK	Build APK (clean) — release	2026-10-03T10:56:19.1605371Z 	at org.gradle.execution.BuildOperationFiringBuildWorkerExecutor$ExecuteTasks.call(BuildOperationFiringBuildWorkerExecutor.java:54)
Build APK	Build APK (clean) — release	2026-10-03T10:56:19.1607061Z 	at org.gradle.execution.BuildOperationFiringBuildWorkerExecutor$ExecuteTasks.call(BuildOperationFiringBuildWorkerExecutor.java:43)
Build APK	Build APK (clean) — release	2026-10-03T10:56:19.1608813Z 	at org.gradle.internal.operations.DefaultBuildOperationRunner$CallableBuildOperationWorker.execute(DefaultBuildOperationRunner.java:210)
Build APK	Build APK (clean) — release	2026-10-03T10:56:19.1610754Z 	at org.gradle.internal.operations.DefaultBuildOperationRunner$CallableBuildOperationWorker.execute(DefaultBuildOperationRunner.java:205)
Build APK	Build APK (clean) — release	2026-10-03T10:56:19.1612325Z 	at org.gradle.internal.operations.DefaultBuildOperationRunner$2.execute(DefaultBuildOperationRunner.java:67)
Build APK	Build APK (clean) — release	2026-10-03T10:56:19.1613706Z 	at org.gradle.internal.operations.DefaultBuildOperationRunner$2.execute(DefaultBuildOperationRunner.java:60)
Build APK	Build APK (clean) — release	2026-10-03T10:56:19.1615117Z 	at org.gradle.internal.operations.DefaultBuildOperationRunner.execute(DefaultBuildOperationRunner.java:167)
Build APK	Build APK (clean) — release	2026-10-03T10:56:19.1616792Z 	at org.gradle.internal.operations.DefaultBuildOperationRunner.execute(DefaultBuildOperationRunner.java:60)
Build APK	Build APK (clean) — release	2026-10-03T10:56:19.1618175Z 	at org.gradle.internal.operations.DefaultBuildOperationRunner.call(DefaultBuildOperationRunner.java:54)
Build APK	Build APK (clean) — release	2026-10-03T10:56:19.1619934Z 	at org.gradle.execution.BuildOperationFiringBuildWorkerExecutor.execute(BuildOperationFiringBuildWorkerExecutor.java:40)
Build APK	Build APK (clean) — release	2026-10-03T10:56:19.1621627Z 	at org.gradle.internal.build.DefaultBuildLifecycleController.lambda$executeTasks$11(DefaultBuildLifecycleController.java:323)
Build APK	Build APK (clean) — release	2026-10-03T10:56:19.1623296Z 	at org.gradle.internal.model.StateTransitionController.doTransition(StateTransitionController.java:304)
Build APK	Build APK (clean) — release	2026-10-03T10:56:19.1624727Z 	at org.gradle.internal.model.StateTransitionController.lambda$tryTransition$9(StateTransitionController.java:215)
Build APK	Build APK (clean) — release	2026-10-03T10:56:19.1625986Z 	at org.gradle.internal.work.DefaultSynchronizer.withLock(DefaultSynchronizer.java:45)
Build APK	Build APK (clean) — release	2026-10-03T10:56:19.1627286Z 	at org.gradle.internal.model.StateTransitionController.tryTransition(StateTransitionController.java:215)
Build APK	Build APK (clean) — release	2026-10-03T10:56:19.1628822Z 	at org.gradle.internal.build.DefaultBuildLifecycleController.executeTasks(DefaultBuildLifecycleController.java:314)
Build APK	Build APK (clean) — release	2026-10-03T10:56:19.1630628Z 	at org.gradle.internal.build.DefaultBuildWorkGraphController$DefaultBuildWorkGraph.runWork(DefaultBuildWorkGraphController.java:220)
Build APK	Build APK (clean) — release	2026-10-03T10:56:19.1632253Z 	at org.gradle.internal.work.DefaultWorkerLeaseService.lambda$withLocksAcquired$0(DefaultWorkerLeaseService.java:275)
Build APK	Build APK (clean) — release	2026-10-03T10:56:19.1633586Z 	at org.gradle.internal.work.ResourceLockStatistics$1.measure(ResourceLockStatistics.java:43)
Build APK	Build APK (clean) — release	2026-10-03T10:56:19.1634914Z 	at org.gradle.internal.work.DefaultWorkerLeaseService.withLocksAcquired(DefaultWorkerLeaseService.java:273)
Build APK	Build APK (clean) — release	2026-10-03T10:56:19.1636301Z 	at org.gradle.internal.work.DefaultWorkerLeaseService.withLocks(DefaultWorkerLeaseService.java:265)
Build APK	Build APK (clean) — release	2026-10-03T10:56:19.1637713Z 	at org.gradle.internal.work.DefaultWorkerLeaseService.runAsWorkerThread(DefaultWorkerLeaseService.java:128)
Build APK	Build APK (clean) — release	2026-10-03T10:56:19.1639138Z 	at org.gradle.composite.internal.DefaultBuildController.doRun(DefaultBuildController.java:182)
Build APK	Build APK (clean) — release	2026-10-03T10:56:19.1640574Z 	at org.gradle.composite.internal.DefaultBuildController.access$000(DefaultBuildController.java:50)
Build APK	Build APK (clean) — release	2026-10-03T10:56:19.1642105Z 	at org.gradle.composite.internal.DefaultBuildController$BuildOpRunnable.lambda$run$0(DefaultBuildController.java:199)
Build APK	Build APK (clean) — release	2026-10-03T10:56:19.1643563Z 	at org.gradle.internal.operations.CurrentBuildOperationRef.with(CurrentBuildOperationRef.java:84)
Build APK	Build APK (clean) — release	2026-10-03T10:56:19.1644941Z 	at org.gradle.composite.internal.DefaultBuildController$BuildOpRunnable.run(DefaultBuildController.java:199)
Build APK	Build APK (clean) — release	2026-10-03T10:56:19.1646352Z 	at org.gradle.internal.concurrent.ExecutorPolicy$CatchAndRecordFailures.onExecute(ExecutorPolicy.java:64)
Build APK	Build APK (clean) — release	2026-10-03T10:56:19.1647639Z 	at org.gradle.internal.concurrent.AbstractManagedExecutor$1.run(AbstractManagedExecutor.java:47)
Build APK	Build APK (clean) — release	2026-10-03T10:56:19.1650378Z Caused by: org.gradle.workers.internal.DefaultWorkerExecutor$WorkExecutionException: A failure occurred while executing com.android.build.gradle.internal.res.LinkApplicationAndroidResourcesTask$TaskAction
Build APK	Build APK (clean) — release	2026-10-03T10:56:19.1652447Z 	at org.gradle.workers.internal.DefaultWorkerExecutor$WorkItemExecution.waitForCompletion(DefaultWorkerExecutor.java:289)
Build APK	Build APK (clean) — release	2026-10-03T10:56:19.1654060Z 	at org.gradle.internal.work.DefaultAsyncWorkTracker.lambda$waitForItemsAndGatherFailures$2(DefaultAsyncWorkTracker.java:130)
Build APK	Build APK (clean) — release	2026-10-03T10:56:19.1655239Z 	at org.gradle.internal.Factories$1.create(Factories.java:30)
Build APK	Build APK (clean) — release	2026-10-03T10:56:19.1656386Z 	at org.gradle.internal.work.DefaultWorkerLeaseService.lambda$withoutLocks$2(DefaultWorkerLeaseService.java:350)
Build APK	Build APK (clean) — release	2026-10-03T10:56:19.1657710Z 	at org.gradle.internal.work.ResourceLockStatistics$1.measure(ResourceLockStatistics.java:43)
Build APK	Build APK (clean) — release	2026-10-03T10:56:19.1659011Z 	at org.gradle.internal.work.DefaultWorkerLeaseService.withoutLocks(DefaultWorkerLeaseService.java:348)
Build APK	Build APK (clean) — release	2026-10-03T10:56:19.1660533Z 	at org.gradle.internal.work.DefaultWorkerLeaseService.withoutLocks(DefaultWorkerLeaseService.java:332)
Build APK	Build APK (clean) — release	2026-10-03T10:56:19.1662165Z 	at org.gradle.internal.work.DefaultWorkerLeaseService.withoutLock(DefaultWorkerLeaseService.java:337)
Build APK	Build APK (clean) — release	2026-10-03T10:56:19.1663681Z 	at org.gradle.internal.work.DefaultAsyncWorkTracker.waitForItemsAndGatherFailures(DefaultAsyncWorkTracker.java:126)
Build APK	Build APK (clean) — release	2026-10-03T10:56:19.1665253Z 	at org.gradle.internal.work.DefaultAsyncWorkTracker.waitForItemsAndGatherFailures(DefaultAsyncWorkTracker.java:92)
Build APK	Build APK (clean) — release	2026-10-03T10:56:19.1666610Z 	at org.gradle.internal.work.DefaultAsyncWorkTracker.waitForAll(DefaultAsyncWorkTracker.java:78)
Build APK	Build APK (clean) — release	2026-10-03T10:56:19.1667850Z 	at org.gradle.internal.work.DefaultAsyncWorkTracker.waitForCompletion(DefaultAsyncWorkTracker.java:66)
Build APK	Build APK (clean) — release	2026-10-03T10:56:19.1669034Z 	at org.gradle.api.internal.tasks.execution.TaskExecution$3.run(TaskExecution.java:267)
Build APK	Build APK (clean) — release	2026-10-03T10:56:19.1670833Z 	at org.gradle.internal.operations.DefaultBuildOperationRunner$1.execute(DefaultBuildOperationRunner.java:30)
Build APK	Build APK (clean) — release	2026-10-03T10:56:19.1672246Z 	at org.gradle.internal.operations.DefaultBuildOperationRunner$1.execute(DefaultBuildOperationRunner.java:27)
Build APK	Build APK (clean) — release	2026-10-03T10:56:19.1673644Z 	at org.gradle.internal.operations.DefaultBuildOperationRunner$2.execute(DefaultBuildOperationRunner.java:67)
Build APK	Build APK (clean) — release	2026-10-03T10:56:19.1675253Z 	at org.gradle.internal.operations.DefaultBuildOperationRunner$2.execute(DefaultBuildOperationRunner.java:60)
Build APK	Build APK (clean) — release	2026-10-03T10:56:19.1676627Z 	at org.gradle.internal.operations.DefaultBuildOperationRunner.execute(DefaultBuildOperationRunner.java:167)
Build APK	Build APK (clean) — release	2026-10-03T10:56:19.1678058Z 	at org.gradle.internal.operations.DefaultBuildOperationRunner.execute(DefaultBuildOperationRunner.java:60)
Build APK	Build APK (clean) — release	2026-10-03T10:56:19.1679499Z 	at org.gradle.internal.operations.DefaultBuildOperationRunner.run(DefaultBuildOperationRunner.java:48)
Build APK	Build APK (clean) — release	2026-10-03T10:56:19.1680942Z 	at org.gradle.api.internal.tasks.execution.TaskExecution.executeAction(TaskExecution.java:244)
Build APK	Build APK (clean) — release	2026-10-03T10:56:19.1682106Z 	at org.gradle.api.internal.tasks.execution.TaskExecution.executeActions(TaskExecution.java:227)
Build APK	Build APK (clean) — release	2026-10-03T10:56:19.1683561Z 	at org.gradle.api.internal.tasks.execution.TaskExecution.executeWithPreviousOutputFiles(TaskExecution.java:210)
Build APK	Build APK (clean) — release	2026-10-03T10:56:19.1684936Z 	at org.gradle.api.internal.tasks.execution.TaskExecution.execute(TaskExecution.java:176)
Build APK	Build APK (clean) — release	2026-10-03T10:56:19.1686099Z 	at org.gradle.internal.execution.steps.ExecuteStep.executeInternal(ExecuteStep.java:167)
Build APK	Build APK (clean) — release	2026-10-03T10:56:19.1689213Z 	at org.gradle.internal.execution.steps.ExecuteStep.access$000(ExecuteStep.java:47)
Build APK	Build APK (clean) — release	2026-10-03T10:56:19.1690407Z 	at org.gradle.internal.execution.steps.ExecuteStep$1.call(ExecuteStep.java:137)
Build APK	Build APK (clean) — release	2026-10-03T10:56:19.1691412Z 	at org.gradle.internal.execution.steps.ExecuteStep$1.call(ExecuteStep.java:134)
Build APK	Build APK (clean) — release	2026-10-03T10:56:19.1692793Z 	at org.gradle.internal.operations.DefaultBuildOperationRunner$CallableBuildOperationWorker.execute(DefaultBuildOperationRunner.java:210)
Build APK	Build APK (clean) — release	2026-10-03T10:56:19.1694370Z 	at org.gradle.internal.operations.DefaultBuildOperationRunner$CallableBuildOperationWorker.execute(DefaultBuildOperationRunner.java:205)
Build APK	Build APK (clean) — release	2026-10-03T10:56:19.1696194Z 	at org.gradle.internal.operations.DefaultBuildOperationRunner$2.execute(DefaultBuildOperationRunner.java:67)
Build APK	Build APK (clean) — release	2026-10-03T10:56:19.1697590Z 	at org.gradle.internal.operations.DefaultBuildOperationRunner$2.execute(DefaultBuildOperationRunner.java:60)
Build APK	Build APK (clean) — release	2026-10-03T10:56:19.1699462Z 	at org.gradle.internal.operations.DefaultBuildOperationRunner.execute(DefaultBuildOperationRunner.java:167)
Build APK	Build APK (clean) — release	2026-10-03T10:56:19.1700972Z 	at org.gradle.internal.operations.DefaultBuildOperationRunner.execute(DefaultBuildOperationRunner.java:60)
Build APK	Build APK (clean) — release	2026-10-03T10:56:19.1702001Z 	at org.gradle.internal.operations.DefaultBuildOperationRunner.call(DefaultBuildOperationRunner.java:54)
Build APK	Build APK (clean) — release	2026-10-03T10:56:19.1702895Z 	at org.gradle.internal.execution.steps.ExecuteStep.execute(ExecuteStep.java:134)
Build APK	Build APK (clean) — release	2026-10-03T10:56:19.1703829Z 	at org.gradle.internal.execution.steps.ExecuteStep$Mutable.execute(ExecuteStep.java:80)
Build APK	Build APK (clean) — release	2026-10-03T10:56:19.1704940Z 	at org.gradle.internal.execution.steps.CancelExecutionStep.execute(CancelExecutionStep.java:42)
Build APK	Build APK (clean) — release	2026-10-03T10:56:19.1706233Z 	at org.gradle.internal.execution.steps.TimeoutStep.executeWithoutTimeout(TimeoutStep.java:75)
Build APK	Build APK (clean) — release	2026-10-03T10:56:19.1707170Z 	at org.gradle.internal.execution.steps.TimeoutStep.execute(TimeoutStep.java:55)
Build APK	Build APK (clean) — release	2026-10-03T10:56:19.1708292Z 	at org.gradle.internal.execution.steps.PreCreateOutputParentsStep.execute(PreCreateOutputParentsStep.java:51)
Build APK	Build APK (clean) — release	2026-10-03T10:56:19.1710432Z 	at org.gradle.internal.execution.steps.PreCreateOutputParentsStep.execute(PreCreateOutputParentsStep.java:29)
Build APK	Build APK (clean) — release	2026-10-03T10:56:19.1711945Z 	at org.gradle.internal.execution.steps.RemovePreviousOutputsStep.executeMutable(RemovePreviousOutputsStep.java:67)
Build APK	Build APK (clean) — release	2026-10-03T10:56:19.1713458Z 	at org.gradle.internal.execution.steps.RemovePreviousOutputsStep.executeMutable(RemovePreviousOutputsStep.java:39)
Build APK	Build APK (clean) — release	2026-10-03T10:56:19.1714675Z 	at org.gradle.internal.execution.steps.MutableStep.execute(MutableStep.java:26)
Build APK	Build APK (clean) — release	2026-10-03T10:56:19.1716054Z 	at org.gradle.internal.execution.steps.BroadcastChangingOutputsStep.execute(BroadcastChangingOutputsStep.java:42)
Build APK	Build APK (clean) — release	2026-10-03T10:56:19.1717591Z 	at org.gradle.internal.execution.steps.BroadcastChangingOutputsStep.execute(BroadcastChangingOutputsStep.java:24)
Build APK	Build APK (clean) — release	2026-10-03T10:56:19.1719195Z 	at org.gradle.internal.execution.steps.CaptureOutputsAfterExecutionStep.execute(CaptureOutputsAfterExecutionStep.java:69)
Build APK	Build APK (clean) — release	2026-10-03T10:56:19.1720940Z 	at org.gradle.internal.execution.steps.CaptureOutputsAfterExecutionStep.execute(CaptureOutputsAfterExecutionStep.java:46)
Build APK	Build APK (clean) — release	2026-10-03T10:56:19.1722270Z 	at org.gradle.internal.execution.steps.ResolveInputChangesStep.executeMutable(ResolveInputChangesStep.java:39)
Build APK	Build APK (clean) — release	2026-10-03T10:56:19.1723681Z 	at org.gradle.internal.execution.steps.ResolveInputChangesStep.executeMutable(ResolveInputChangesStep.java:28)
Build APK	Build APK (clean) — release	2026-10-03T10:56:19.1724883Z 	at org.gradle.internal.execution.steps.MutableStep.execute(MutableStep.java:26)
Build APK	Build APK (clean) — release	2026-10-03T10:56:19.1726045Z 	at org.gradle.internal.execution.steps.BuildCacheStep.executeWithoutCache(BuildCacheStep.java:189)
Build APK	Build APK (clean) — release	2026-10-03T10:56:19.1727406Z 	at org.gradle.internal.execution.steps.BuildCacheStep.executeAndStoreInCache(BuildCacheStep.java:145)
Build APK	Build APK (clean) — release	2026-10-03T10:56:19.1728766Z 	at org.gradle.internal.execution.steps.BuildCacheStep.lambda$executeWithCache$4(BuildCacheStep.java:104)
Build APK	Build APK (clean) — release	2026-10-03T10:56:19.1730270Z 	at org.gradle.internal.execution.steps.BuildCacheStep.lambda$executeWithCache$5(BuildCacheStep.java:104)
Build APK	Build APK (clean) — release	2026-10-03T10:56:19.1731167Z 	at org.gradle.internal.Try$Success.map(Try.java:170)
Build APK	Build APK (clean) — release	2026-10-03T10:56:19.1732094Z 	at org.gradle.internal.execution.steps.BuildCacheStep.executeWithCache(BuildCacheStep.java:88)
Build APK	Build APK (clean) — release	2026-10-03T10:56:19.1733296Z 	at org.gradle.internal.execution.steps.BuildCacheStep.lambda$execute$0(BuildCacheStep.java:75)
Build APK	Build APK (clean) — release	2026-10-03T10:56:19.1734194Z 	at org.gradle.internal.Either$Left.fold(Either.java:116)
Build APK	Build APK (clean) — release	2026-10-03T10:56:19.1735092Z 	at org.gradle.internal.execution.caching.CachingState.fold(CachingState.java:62)
Build APK	Build APK (clean) — release	2026-10-03T10:56:19.1736483Z 	at org.gradle.internal.execution.steps.BuildCacheStep.execute(BuildCacheStep.java:74)
Build APK	Build APK (clean) — release	2026-10-03T10:56:19.1737610Z 	at org.gradle.internal.execution.steps.BuildCacheStep.execute(BuildCacheStep.java:49)
Build APK	Build APK (clean) — release	2026-10-03T10:56:19.1738930Z 	at org.gradle.internal.execution.steps.StoreExecutionStateStep.executeMutable(StoreExecutionStateStep.java:46)
Build APK	Build APK (clean) — release	2026-10-03T10:56:19.1740608Z 	at org.gradle.internal.execution.steps.StoreExecutionStateStep.executeMutable(StoreExecutionStateStep.java:35)
Build APK	Build APK (clean) — release	2026-10-03T10:56:19.1741885Z 	at org.gradle.internal.execution.steps.MutableStep.execute(MutableStep.java:26)
Build APK	Build APK (clean) — release	2026-10-03T10:56:19.1743116Z 	at org.gradle.internal.execution.steps.SkipUpToDateStep.executeBecause(SkipUpToDateStep.java:75)
Build APK	Build APK (clean) — release	2026-10-03T10:56:19.1744386Z 	at org.gradle.internal.execution.steps.SkipUpToDateStep.lambda$execute$2(SkipUpToDateStep.java:53)
Build APK	Build APK (clean) — release	2026-10-03T10:56:19.1745586Z 	at org.gradle.internal.execution.steps.SkipUpToDateStep.execute(SkipUpToDateStep.java:53)
Build APK	Build APK (clean) — release	2026-10-03T10:56:19.1746780Z 	at org.gradle.internal.execution.steps.SkipUpToDateStep.execute(SkipUpToDateStep.java:35)
Build APK	Build APK (clean) — release	2026-10-03T10:56:19.1748629Z 	at org.gradle.internal.execution.steps.legacy.MarkSnapshottingInputsFinishedStep.execute(MarkSnapshottingInputsFinishedStep.java:37)
Build APK	Build APK (clean) — release	2026-10-03T10:56:19.1750768Z 	at org.gradle.internal.execution.steps.legacy.MarkSnapshottingInputsFinishedStep.execute(MarkSnapshottingInputsFinishedStep.java:27)
Build APK	Build APK (clean) — release	2026-10-03T10:56:19.1752657Z 	at org.gradle.internal.execution.steps.ResolveMutableCachingStateStep.executeDelegate(ResolveMutableCachingStateStep.java:70)
Build APK	Build APK (clean) — release	2026-10-03T10:56:19.1754438Z 	at org.gradle.internal.execution.steps.ResolveMutableCachingStateStep.executeDelegate(ResolveMutableCachingStateStep.java:32)
Build APK	Build APK (clean) — release	2026-10-03T10:56:19.1756143Z 	at org.gradle.internal.execution.steps.AbstractResolveCachingStateStep.execute(AbstractResolveCachingStateStep.java:69)
Build APK	Build APK (clean) — release	2026-10-03T10:56:19.1757817Z 	at org.gradle.internal.execution.steps.AbstractResolveCachingStateStep.execute(AbstractResolveCachingStateStep.java:37)
Build APK	Build APK (clean) — release	2026-10-03T10:56:19.1759339Z 	at org.gradle.internal.execution.steps.ResolveChangesStep.executeMutable(ResolveChangesStep.java:63)
Build APK	Build APK (clean) — release	2026-10-03T10:56:19.1760834Z 	at org.gradle.internal.execution.steps.ResolveChangesStep.executeMutable(ResolveChangesStep.java:34)
Build APK	Build APK (clean) — release	2026-10-03T10:56:19.1762030Z 	at org.gradle.internal.execution.steps.MutableStep.execute(MutableStep.java:26)
Build APK	Build APK (clean) — release	2026-10-03T10:56:19.1763183Z 	at org.gradle.internal.execution.steps.ValidateStep$Mutable.executeDelegate(ValidateStep.java:79)
Build APK	Build APK (clean) — release	2026-10-03T10:56:19.1764459Z 	at org.gradle.internal.execution.steps.ValidateStep$Mutable.executeDelegate(ValidateStep.java:65)
Build APK	Build APK (clean) — release	2026-10-03T10:56:19.1765644Z 	at org.gradle.internal.execution.steps.ValidateStep.execute(ValidateStep.java:99)
Build APK	Build APK (clean) — release	2026-10-03T10:56:19.1766779Z 	at org.gradle.internal.execution.steps.ValidateStep$Mutable.execute(ValidateStep.java:65)
Build APK	Build APK (clean) — release	2026-10-03T10:56:19.1768483Z 	at org.gradle.internal.execution.steps.CaptureMutableStateBeforeExecutionStep.executeMutable(CaptureMutableStateBeforeExecutionStep.java:86)
Build APK	Build APK (clean) — release	2026-10-03T10:56:19.1771157Z 	at org.gradle.internal.execution.steps.CaptureMutableStateBeforeExecutionStep.execute(CaptureMutableStateBeforeExecutionStep.java:65)
Build APK	Build APK (clean) — release	2026-10-03T10:56:19.1773139Z 	at org.gradle.internal.execution.steps.CaptureMutableStateBeforeExecutionStep.execute(CaptureMutableStateBeforeExecutionStep.java:45)
Build APK	Build APK (clean) — release	2026-10-03T10:56:19.1775195Z 	at org.gradle.internal.execution.steps.SkipEmptyMutableWorkStep.executeWithNonEmptySources(SkipEmptyMutableWorkStep.java:210)
Build APK	Build APK (clean) — release	2026-10-03T10:56:19.1776912Z 	at org.gradle.internal.execution.steps.SkipEmptyMutableWorkStep.executeMutable(SkipEmptyMutableWorkStep.java:85)
Build APK	Build APK (clean) — release	2026-10-03T10:56:19.1778526Z 	at org.gradle.internal.execution.steps.SkipEmptyMutableWorkStep.executeMutable(SkipEmptyMutableWorkStep.java:53)
Build APK	Build APK (clean) — release	2026-10-03T10:56:19.1779924Z 	at org.gradle.internal.execution.steps.MutableStep.execute(MutableStep.java:26)
Build APK	Build APK (clean) — release	2026-10-03T10:56:19.1781213Z 	at org.gradle.internal.execution.steps.legacy.MarkSnapshottingInputsStartedStep.execute(MarkSnapshottingInputsStartedStep.java:38)
Build APK	Build APK (clean) — release	2026-10-03T10:56:19.1783237Z 	at org.gradle.internal.execution.steps.LoadPreviousExecutionStateStep.executeMutable(LoadPreviousExecutionStateStep.java:36)
Build APK	Build APK (clean) — release	2026-10-03T10:56:19.1784864Z 	at org.gradle.internal.execution.steps.LoadPreviousExecutionStateStep.executeMutable(LoadPreviousExecutionStateStep.java:23)
Build APK	Build APK (clean) — release	2026-10-03T10:56:19.1786228Z 	at org.gradle.internal.execution.steps.MutableStep.execute(MutableStep.java:26)
Build APK	Build APK (clean) — release	2026-10-03T10:56:19.1787476Z 	at org.gradle.internal.execution.steps.HandleStaleOutputsStep.executeMutable(HandleStaleOutputsStep.java:77)
Build APK	Build APK (clean) — release	2026-10-03T10:56:19.1788972Z 	at org.gradle.internal.execution.steps.HandleStaleOutputsStep.executeMutable(HandleStaleOutputsStep.java:43)
Build APK	Build APK (clean) — release	2026-10-03T10:56:19.1790378Z 	at org.gradle.internal.execution.steps.MutableStep.execute(MutableStep.java:26)
Build APK	Build APK (clean) — release	2026-10-03T10:56:19.1791765Z 	at org.gradle.internal.execution.steps.AssignMutableWorkspaceStep.lambda$executeMutable$0(AssignMutableWorkspaceStep.java:34)
Build APK	Build APK (clean) — release	2026-10-03T10:56:19.1793081Z 	at org.gradle.api.internal.tasks.execution.TaskExecution$4.withWorkspace(TaskExecution.java:305)
Build APK	Build APK (clean) — release	2026-10-03T10:56:19.1794731Z 	at org.gradle.internal.execution.steps.AssignMutableWorkspaceStep.executeMutable(AssignMutableWorkspaceStep.java:30)
Build APK	Build APK (clean) — release	2026-10-03T10:56:19.1796321Z 	at org.gradle.internal.execution.steps.AssignMutableWorkspaceStep.executeMutable(AssignMutableWorkspaceStep.java:21)
Build APK	Build APK (clean) — release	2026-10-03T10:56:19.1797651Z 	at org.gradle.internal.execution.steps.MutableStep.execute(MutableStep.java:26)
Build APK	Build APK (clean) — release	2026-10-03T10:56:19.1798820Z 	at org.gradle.internal.execution.steps.ChoosePipelineStep.execute(ChoosePipelineStep.java:40)
Build APK	Build APK (clean) — release	2026-10-03T10:56:19.1800244Z 	at org.gradle.internal.execution.steps.ChoosePipelineStep.execute(ChoosePipelineStep.java:23)
Build APK	Build APK (clean) — release	2026-10-03T10:56:19.1801787Z 	at org.gradle.internal.execution.steps.ExecuteWorkBuildOperationFiringStep.lambda$execute$2(ExecuteWorkBuildOperationFiringStep.java:67)
Build APK	Build APK (clean) — release	2026-10-03T10:56:19.1803598Z 	at org.gradle.internal.execution.steps.ExecuteWorkBuildOperationFiringStep.execute(ExecuteWorkBuildOperationFiringStep.java:67)
Build APK	Build APK (clean) — release	2026-10-03T10:56:19.1805424Z 	at org.gradle.internal.execution.steps.ExecuteWorkBuildOperationFiringStep.execute(ExecuteWorkBuildOperationFiringStep.java:39)
Build APK	Build APK (clean) — release	2026-10-03T10:56:19.1806901Z 	at org.gradle.internal.execution.steps.IdentityCacheStep.execute(IdentityCacheStep.java:46)
Build APK	Build APK (clean) — release	2026-10-03T10:56:19.1808169Z 	at org.gradle.internal.execution.steps.IdentityCacheStep.execute(IdentityCacheStep.java:34)
Build APK	Build APK (clean) — release	2026-10-03T10:56:19.1809293Z 	at org.gradle.internal.execution.steps.IdentifyStep.execute(IdentifyStep.java:56)
Build APK	Build APK (clean) — release	2026-10-03T10:56:19.1810634Z 	at org.gradle.internal.execution.steps.IdentifyStep.execute(IdentifyStep.java:38)
Build APK	Build APK (clean) — release	2026-10-03T10:56:19.1811957Z 	at org.gradle.internal.execution.impl.DefaultExecutionEngine$1.execute(DefaultExecutionEngine.java:68)
Build APK	Build APK (clean) — release	2026-10-03T10:56:19.1813534Z 	at org.gradle.api.internal.tasks.execution.ExecuteActionsTaskExecuter.executeIfValid(ExecuteActionsTaskExecuter.java:132)
Build APK	Build APK (clean) — release	2026-10-03T10:56:19.1814540Z 	... 61 more
Build APK	Build APK (clean) — release	2026-10-03T10:56:19.1815457Z Caused by: com.android.builder.internal.aapt.v2.Aapt2Exception: Android resource linking failed
Build APK	Build APK (clean) — release	2026-10-03T10:56:19.1816968Z warn: removing resource org.akanework.gramophone.sunshinemusic:string/settings_content_based_color without required default value.
Build APK	Build APK (clean) — release	2026-10-03T10:56:19.1818679Z warn: removing resource org.akanework.gramophone.sunshinemusic:string/settings_content_based_color_summary without required default value.
Build APK	Build APK (clean) — release	2026-10-03T10:56:19.1821089Z org.akanework.gramophone.app-mergeReleaseResources-68:/values/values.xml:7875: error: style attribute 'attr/colorSurfaceTint (aka org.akanework.gramophone.sunshinemusic:attr/colorSurfaceTint)' not found.
Build APK	Build APK (clean) — release	2026-10-03T10:56:19.1823786Z org.akanework.gramophone.app-mergeReleaseResources-68:/values/values.xml:8942: error: style attribute 'attr/colorSurfaceTint (aka org.akanework.gramophone.sunshinemusic:attr/colorSurfaceTint)' not found.
Build APK	Build APK (clean) — release	2026-10-03T10:56:19.1826476Z org.akanework.gramophone.app-mergeReleaseResources-68:/values/values.xml:9179: error: style attribute 'attr/colorSurfaceTint (aka org.akanework.gramophone.sunshinemusic:attr/colorSurfaceTint)' not found.
Build APK	Build APK (clean) — release	2026-10-03T10:56:19.1829419Z org.akanework.gramophone.app-mergeReleaseResources-68:/values/values.xml:9887: error: style attribute 'attr/colorSurfaceTint (aka org.akanework.gramophone.sunshinemusic:attr/colorSurfaceTint)' not found.
Build APK	Build APK (clean) — release	2026-10-03T10:56:19.1830988Z error: failed linking references.
Build APK	Build APK (clean) — release	2026-10-03T10:56:19.1831287Z 
Build APK	Build APK (clean) — release	2026-10-03T10:56:19.1831932Z 	at com.android.builder.internal.aapt.v2.Aapt2Exception$Companion.create(Aapt2Exception.kt:44)
Build APK	Build APK (clean) — release	2026-10-03T10:56:19.1833221Z 	at com.android.builder.internal.aapt.v2.Aapt2Exception$Companion.create$default(Aapt2Exception.kt:33)
Build APK	Build APK (clean) — release	2026-10-03T10:56:19.1834450Z 	at com.android.builder.internal.aapt.v2.Aapt2DaemonImpl.doLink(Aapt2DaemonImpl.kt:187)
Build APK	Build APK (clean) — release	2026-10-03T10:56:19.1835559Z 	at com.android.builder.internal.aapt.v2.Aapt2Daemon.link(Aapt2Daemon.kt:122)
Build APK	Build APK (clean) — release	2026-10-03T10:56:19.1836800Z 	at com.android.builder.internal.aapt.v2.Aapt2DaemonManager$LeasedAaptDaemon.link(Aapt2DaemonManager.kt:164)
Build APK	Build APK (clean) — release	2026-10-03T10:56:19.1838401Z 	at com.android.builder.internal.aapt.v2.Aapt2DaemonManager$leasingAapt2Daemon$1.link(Aapt2DaemonManager.kt:188)
Build APK	Build APK (clean) — release	2026-10-03T10:56:19.1840252Z 	at com.android.build.gradle.internal.services.PartialInProcessResourceProcessor.link(PartialInProcessResourceProcessor.kt:51)
Build APK	Build APK (clean) — release	2026-10-03T10:56:19.1842083Z 	at com.android.build.gradle.internal.res.Aapt2ProcessResourcesRunnableKt.processResources(Aapt2ProcessResourcesRunnable.kt:73)
Build APK	Build APK (clean) — release	2026-10-03T10:56:19.1844082Z 	at com.android.build.gradle.internal.res.LinkApplicationAndroidResourcesTask$Companion.invokeAaptForSplit(LinkApplicationAndroidResourcesTask.kt:857)
Build APK	Build APK (clean) — release	2026-10-03T10:56:19.1846232Z 	at com.android.build.gradle.internal.res.LinkApplicationAndroidResourcesTask$Companion.access$invokeAaptForSplit(LinkApplicationAndroidResourcesTask.kt:695)
Build APK	Build APK (clean) — release	2026-10-03T10:56:19.1848299Z 	at com.android.build.gradle.internal.res.LinkApplicationAndroidResourcesTask$TaskAction.run(LinkApplicationAndroidResourcesTask.kt:396)
Build APK	Build APK (clean) — release	2026-10-03T10:56:19.1850117Z 	at com.android.build.gradle.internal.profile.ProfileAwareWorkAction.execute(ProfileAwareWorkAction.kt:66)
Build APK	Build APK (clean) — release	2026-10-03T10:56:19.1851480Z 	at org.gradle.workers.internal.DefaultWorkerServer.execute(DefaultWorkerServer.java:68)
Build APK	Build APK (clean) — release	2026-10-03T10:56:19.1852777Z 	at org.gradle.workers.internal.NoIsolationWorkerFactory$1$1.create(NoIsolationWorkerFactory.java:64)
Build APK	Build APK (clean) — release	2026-10-03T10:56:19.1854121Z 	at org.gradle.workers.internal.NoIsolationWorkerFactory$1$1.create(NoIsolationWorkerFactory.java:61)
Build APK	Build APK (clean) — release	2026-10-03T10:56:19.1855462Z 	at org.gradle.internal.classloader.ClassLoaderUtils.executeInClassloader(ClassLoaderUtils.java:102)
Build APK	Build APK (clean) — release	2026-10-03T10:56:19.1856819Z 	at org.gradle.workers.internal.NoIsolationWorkerFactory$1.lambda$execute$0(NoIsolationWorkerFactory.java:61)
Build APK	Build APK (clean) — release	2026-10-03T10:56:19.1857911Z 	at org.gradle.workers.internal.AbstractWorker$1.call(AbstractWorker.java:44)
Build APK	Build APK (clean) — release	2026-10-03T10:56:19.1858871Z 	at org.gradle.workers.internal.AbstractWorker$1.call(AbstractWorker.java:41)
Build APK	Build APK (clean) — release	2026-10-03T10:56:19.1860400Z 	at org.gradle.internal.operations.DefaultBuildOperationRunner$CallableBuildOperationWorker.execute(DefaultBuildOperationRunner.java:210)
Build APK	Build APK (clean) — release	2026-10-03T10:56:19.1862308Z 	at org.gradle.internal.operations.DefaultBuildOperationRunner$CallableBuildOperationWorker.execute(DefaultBuildOperationRunner.java:205)
Build APK	Build APK (clean) — release	2026-10-03T10:56:19.1863943Z 	at org.gradle.internal.operations.DefaultBuildOperationRunner$2.execute(DefaultBuildOperationRunner.java:67)
Build APK	Build APK (clean) — release	2026-10-03T10:56:19.1865406Z 	at org.gradle.internal.operations.DefaultBuildOperationRunner$2.execute(DefaultBuildOperationRunner.java:60)
Build APK	Build APK (clean) — release	2026-10-03T10:56:19.1866921Z 	at org.gradle.internal.operations.DefaultBuildOperationRunner.execute(DefaultBuildOperationRunner.java:167)
Build APK	Build APK (clean) — release	2026-10-03T10:56:19.1868475Z 	at org.gradle.internal.operations.DefaultBuildOperationRunner.execute(DefaultBuildOperationRunner.java:60)
Build APK	Build APK (clean) — release	2026-10-03T10:56:19.1870027Z 	at org.gradle.internal.operations.DefaultBuildOperationRunner.call(DefaultBuildOperationRunner.java:54)
Build APK	Build APK (clean) — release	2026-10-03T10:56:19.1872130Z 	at org.gradle.workers.internal.AbstractWorker.executeWrappedInBuildOperation(AbstractWorker.java:41)
Build APK	Build APK (clean) — release	2026-10-03T10:56:19.1873369Z 	at org.gradle.workers.internal.NoIsolationWorkerFactory$1.execute(NoIsolationWorkerFactory.java:58)
Build APK	Build APK (clean) — release	2026-10-03T10:56:19.1874534Z 	at org.gradle.workers.internal.DefaultWorkerExecutor.lambda$submitWork$0(DefaultWorkerExecutor.java:176)
Build APK	Build APK (clean) — release	2026-10-03T10:56:19.1876304Z 	at org.gradle.internal.work.DefaultConditionalExecutionQueue$ExecutionRunner.runExecution(DefaultConditionalExecutionQueue.java:194)
Build APK	Build APK (clean) — release	2026-10-03T10:56:19.1877983Z 	at org.gradle.internal.work.DefaultConditionalExecutionQueue$ExecutionRunner.access$700(DefaultConditionalExecutionQueue.java:127)
Build APK	Build APK (clean) — release	2026-10-03T10:56:19.1879585Z 	at org.gradle.internal.work.DefaultConditionalExecutionQueue$ExecutionRunner$1.run(DefaultConditionalExecutionQueue.java:169)
Build APK	Build APK (clean) — release	2026-10-03T10:56:19.1881000Z 	at org.gradle.internal.Factories$1.create(Factories.java:30)
Build APK	Build APK (clean) — release	2026-10-03T10:56:19.1882164Z 	at org.gradle.internal.work.DefaultWorkerLeaseService.lambda$withLocksAcquired$0(DefaultWorkerLeaseService.java:275)
Build APK	Build APK (clean) — release	2026-10-03T10:56:19.1883784Z 	at org.gradle.internal.work.ResourceLockStatistics$1.measure(ResourceLockStatistics.java:43)
Build APK	Build APK (clean) — release	2026-10-03T10:56:19.1885048Z 	at org.gradle.internal.work.DefaultWorkerLeaseService.withLocksAcquired(DefaultWorkerLeaseService.java:273)
Build APK	Build APK (clean) — release	2026-10-03T10:56:19.1886503Z 	at org.gradle.internal.work.DefaultWorkerLeaseService.withLocks(DefaultWorkerLeaseService.java:265)
Build APK	Build APK (clean) — release	2026-10-03T10:56:19.1887906Z 	at org.gradle.internal.work.DefaultWorkerLeaseService.runAsWorkerThread(DefaultWorkerLeaseService.java:128)
Build APK	Build APK (clean) — release	2026-10-03T10:56:19.1889322Z 	at org.gradle.internal.work.DefaultWorkerLeaseService.runAsWorkerThread(DefaultWorkerLeaseService.java:133)
Build APK	Build APK (clean) — release	2026-10-03T10:56:19.1891031Z 	at org.gradle.internal.work.DefaultConditionalExecutionQueue$ExecutionRunner.runBatch(DefaultConditionalExecutionQueue.java:164)
Build APK	Build APK (clean) — release	2026-10-03T10:56:19.1892439Z 	at org.gradle.internal.work.DefaultConditionalExecutionQueue$ExecutionRunner.run(DefaultConditionalExecutionQueue.java:133)
Build APK	Build APK (clean) — release	2026-10-03T10:56:19.1893274Z 	... 2 more
Build APK	Build APK (clean) — release	2026-10-03T10:56:19.1894319Z 	Suppressed: java.util.NoSuchElementException: Unable to get absolute path from org.akanework.gramophone.app-mergeReleaseResources-68:/values/values.xml
Build APK	Build APK (clean) — release	2026-10-03T10:56:19.1895834Z                        because org.akanework.gramophone.app-mergeReleaseResources-68 is not key in sourceSetPathMap.
Build APK	Build APK (clean) — release	2026-10-03T10:56:19.1897245Z 		at com.android.ide.common.resources.RelativeResourceUtils$relativeResourcePathToAbsolutePath$1.invoke(RelativeResourceUtils.kt:93)
Build APK	Build APK (clean) — release	2026-10-03T10:56:19.1898798Z 		at com.android.ide.common.resources.RelativeResourceUtils$relativeResourcePathToAbsolutePath$1.invoke(RelativeResourceUtils.kt:69)
Build APK	Build APK (clean) — release	2026-10-03T10:56:19.1900639Z 		at com.android.ide.common.resources.RelativeResourceUtils.relativeResourcePathToAbsolutePath(RelativeResourceUtils.kt:62)
Build APK	Build APK (clean) — release	2026-10-03T10:56:19.1902053Z 		at com.android.ide.common.blame.parser.aapt.Aapt2ErrorParser$MessageParser.parse(Aapt2ErrorParser.kt:113)
Build APK	Build APK (clean) — release	2026-10-03T10:56:19.1903289Z 		at com.android.ide.common.blame.parser.aapt.Aapt2ErrorParser.parse(Aapt2ErrorParser.kt:89)
Build APK	Build APK (clean) — release	2026-10-03T10:56:19.1904399Z 		at com.android.ide.common.blame.parser.aapt.Aapt2OutputParser.parse(Aapt2OutputParser.java:56)
Build APK	Build APK (clean) — release	2026-10-03T10:56:19.1905570Z 		at com.android.ide.common.blame.parser.ToolOutputParser.parseToolOutput(ToolOutputParser.java:84)
Build APK	Build APK (clean) — release	2026-10-03T10:56:19.1906750Z 		at com.android.build.gradle.internal.res.Aapt2ErrorUtils.rewriteException(Aapt2ErrorUtils.kt:189)
Build APK	Build APK (clean) — release	2026-10-03T10:56:19.1907967Z 		at com.android.build.gradle.internal.res.Aapt2ErrorUtils.rewriteLinkException(Aapt2ErrorUtils.kt:120)
Build APK	Build APK (clean) — release	2026-10-03T10:56:19.1909144Z 		at com.android.build.gradle.internal.res.Aapt2ProcessResourcesRunnableKt.processResources(Aapt2ProcessResourcesRunnable.kt:75)
Build APK	Build APK (clean) — release	2026-10-03T10:56:19.1910960Z 		at com.android.build.gradle.internal.res.LinkApplicationAndroidResourcesTask$Companion.invokeAaptForSplit(LinkApplicationAndroidResourcesTask.kt:857)
Build APK	Build APK (clean) — release	2026-10-03T10:56:19.1913045Z 		at com.android.build.gradle.internal.res.LinkApplicationAndroidResourcesTask$Companion.access$invokeAaptForSplit(LinkApplicationAndroidResourcesTask.kt:695)
Build APK	Build APK (clean) — release	2026-10-03T10:56:19.1915401Z 		at com.android.build.gradle.internal.res.LinkApplicationAndroidResourcesTask$TaskAction.run(LinkApplicationAndroidResourcesTask.kt:396)
Build APK	Build APK (clean) — release	2026-10-03T10:56:19.1917093Z 		at com.android.build.gradle.internal.profile.ProfileAwareWorkAction.execute(ProfileAwareWorkAction.kt:66)
Build APK	Build APK (clean) — release	2026-10-03T10:56:19.1918409Z 		at org.gradle.workers.internal.DefaultWorkerServer.execute(DefaultWorkerServer.java:68)
Build APK	Build APK (clean) — release	2026-10-03T10:56:19.1919818Z 		at org.gradle.workers.internal.NoIsolationWorkerFactory$1$1.create(NoIsolationWorkerFactory.java:64)
Build APK	Build APK (clean) — release	2026-10-03T10:56:19.1921188Z 		at org.gradle.workers.internal.NoIsolationWorkerFactory$1$1.create(NoIsolationWorkerFactory.java:61)
Build APK	Build APK (clean) — release	2026-10-03T10:56:19.1922483Z 		at org.gradle.internal.classloader.ClassLoaderUtils.executeInClassloader(ClassLoaderUtils.java:102)
Build APK	Build APK (clean) — release	2026-10-03T10:56:19.1923907Z 		at org.gradle.workers.internal.NoIsolationWorkerFactory$1.lambda$execute$0(NoIsolationWorkerFactory.java:61)
Build APK	Build APK (clean) — release	2026-10-03T10:56:19.1925267Z 		at org.gradle.workers.internal.AbstractWorker$1.call(AbstractWorker.java:44)
Build APK	Build APK (clean) — release	2026-10-03T10:56:19.1926247Z 		at org.gradle.workers.internal.AbstractWorker$1.call(AbstractWorker.java:41)
Build APK	Build APK (clean) — release	2026-10-03T10:56:19.1927670Z 		at org.gradle.internal.operations.DefaultBuildOperationRunner$CallableBuildOperationWorker.execute(DefaultBuildOperationRunner.java:210)
Build APK	Build APK (clean) — release	2026-10-03T10:56:19.1929597Z 		at org.gradle.internal.operations.DefaultBuildOperationRunner$CallableBuildOperationWorker.execute(DefaultBuildOperationRunner.java:205)
Build APK	Build APK (clean) — release	2026-10-03T10:56:19.1931438Z 		at org.gradle.internal.operations.DefaultBuildOperationRunner$2.execute(DefaultBuildOperationRunner.java:67)
Build APK	Build APK (clean) — release	2026-10-03T10:56:19.1932886Z 		at org.gradle.internal.operations.DefaultBuildOperationRunner$2.execute(DefaultBuildOperationRunner.java:60)
Build APK	Build APK (clean) — release	2026-10-03T10:56:19.1934373Z 		at org.gradle.internal.operations.DefaultBuildOperationRunner.execute(DefaultBuildOperationRunner.java:167)
Build APK	Build APK (clean) — release	2026-10-03T10:56:19.1935911Z 		at org.gradle.internal.operations.DefaultBuildOperationRunner.execute(DefaultBuildOperationRunner.java:60)
Build APK	Build APK (clean) — release	2026-10-03T10:56:19.1937427Z 		at org.gradle.internal.operations.DefaultBuildOperationRunner.call(DefaultBuildOperationRunner.java:54)
Build APK	Build APK (clean) — release	2026-10-03T10:56:19.1938904Z 		at org.gradle.workers.internal.AbstractWorker.executeWrappedInBuildOperation(AbstractWorker.java:41)
Build APK	Build APK (clean) — release	2026-10-03T10:56:19.1940565Z 		at org.gradle.workers.internal.NoIsolationWorkerFactory$1.execute(NoIsolationWorkerFactory.java:58)
Build APK	Build APK (clean) — release	2026-10-03T10:56:19.1941873Z 		at org.gradle.workers.internal.DefaultWorkerExecutor.lambda$submitWork$0(DefaultWorkerExecutor.java:176)
Build APK	Build APK (clean) — release	2026-10-03T10:56:19.1942970Z 		at java.base/java.util.concurrent.FutureTask.run(FutureTask.java:317)
Build APK	Build APK (clean) — release	2026-10-03T10:56:19.1944425Z 		at org.gradle.internal.work.DefaultConditionalExecutionQueue$ExecutionRunner.runExecution(DefaultConditionalExecutionQueue.java:194)
Build APK	Build APK (clean) — release	2026-10-03T10:56:19.1946344Z 		at org.gradle.internal.work.DefaultConditionalExecutionQueue$ExecutionRunner.access$700(DefaultConditionalExecutionQueue.java:127)
Build APK	Build APK (clean) — release	2026-10-03T10:56:19.1948053Z 		at org.gradle.internal.work.DefaultConditionalExecutionQueue$ExecutionRunner$1.run(DefaultConditionalExecutionQueue.java:169)
Build APK	Build APK (clean) — release	2026-10-03T10:56:19.1949249Z 		at org.gradle.internal.Factories$1.create(Factories.java:30)
Build APK	Build APK (clean) — release	2026-10-03T10:56:19.1950592Z 		at org.gradle.internal.work.DefaultWorkerLeaseService.lambda$withLocksAcquired$0(DefaultWorkerLeaseService.java:275)
Build APK	Build APK (clean) — release	2026-10-03T10:56:19.1951977Z 		at org.gradle.internal.work.ResourceLockStatistics$1.measure(ResourceLockStatistics.java:43)
Build APK	Build APK (clean) — release	2026-10-03T10:56:19.1953348Z 		at org.gradle.internal.work.DefaultWorkerLeaseService.withLocksAcquired(DefaultWorkerLeaseService.java:273)
Build APK	Build APK (clean) — release	2026-10-03T10:56:19.1954718Z 		at org.gradle.internal.work.DefaultWorkerLeaseService.withLocks(DefaultWorkerLeaseService.java:265)
Build APK	Build APK (clean) — release	2026-10-03T10:56:19.1956130Z 		at org.gradle.internal.work.DefaultWorkerLeaseService.runAsWorkerThread(DefaultWorkerLeaseService.java:128)
Build APK	Build APK (clean) — release	2026-10-03T10:56:19.1957683Z 		at org.gradle.internal.work.DefaultWorkerLeaseService.runAsWorkerThread(DefaultWorkerLeaseService.java:133)
Build APK	Build APK (clean) — release	2026-10-03T10:56:19.1959319Z 		at org.gradle.internal.work.DefaultConditionalExecutionQueue$ExecutionRunner.runBatch(DefaultConditionalExecutionQueue.java:164)
Build APK	Build APK (clean) — release	2026-10-03T10:56:19.1961151Z 		at org.gradle.internal.work.DefaultConditionalExecutionQueue$ExecutionRunner.run(DefaultConditionalExecutionQueue.java:133)
Build APK	Build APK (clean) — release	2026-10-03T10:56:19.1962488Z 		at java.base/java.util.concurrent.Executors$RunnableAdapter.call(Executors.java:572)
Build APK	Build APK (clean) — release	2026-10-03T10:56:19.1963437Z 		at java.base/java.util.concurrent.FutureTask.run(FutureTask.java:317)
Build APK	Build APK (clean) — release	2026-10-03T10:56:19.1964578Z 		at org.gradle.internal.concurrent.ExecutorPolicy$CatchAndRecordFailures.onExecute(ExecutorPolicy.java:64)
Build APK	Build APK (clean) — release	2026-10-03T10:56:19.1965908Z 		at org.gradle.internal.concurrent.AbstractManagedExecutor$1.run(AbstractManagedExecutor.java:47)
Build APK	Build APK (clean) — release	2026-10-03T10:56:19.1967146Z 		at java.base/java.util.concurrent.ThreadPoolExecutor.runWorker(ThreadPoolExecutor.java:1144)
Build APK	Build APK (clean) — release	2026-10-03T10:56:19.1968513Z 		at java.base/java.util.concurrent.ThreadPoolExecutor$Worker.run(ThreadPoolExecutor.java:642)
Build APK	Build APK (clean) — release	2026-10-03T10:56:19.1969381Z 		at java.base/java.lang.Thread.run(Thread.java:1583)
Build APK	Build APK (clean) — release	2026-10-03T10:56:19.1969942Z 
Build APK	Build APK (clean) — release	2026-10-03T10:56:19.1970263Z ==============================================================================
Build APK	Build APK (clean) — release	2026-10-03T10:56:19.1970609Z 
Build APK	Build APK (clean) — release	2026-10-03T10:56:19.1970838Z 2: Task failed with an exception.
Build APK	Build APK (clean) — release	2026-10-03T10:56:19.1971246Z -----------
Build APK	Build APK (clean) — release	2026-10-03T10:56:19.1971593Z * What went wrong:
Build APK	Build APK (clean) — release	2026-10-03T10:56:19.1974157Z Execution failed for task ':app:compileReleaseKotlin'.
Build APK	Build APK (clean) — release	2026-10-03T10:56:19.1975540Z > A failure occurred while executing org.jetbrains.kotlin.compilerRunner.GradleCompilerRunnerWithWorkers$GradleKotlinCompilerWorkAction
Build APK	Build APK (clean) — release	2026-10-03T10:56:19.1980361Z    > Compilation error. See log for more details
Build APK	Build APK (clean) — release	2026-10-03T10:56:19.1980689Z 
Build APK	Build APK (clean) — release	2026-10-03T10:56:19.1980797Z * Try:
Build APK	Build APK (clean) — release	2026-10-03T10:56:19.1981253Z > Run with --info or --debug option to get more log output.
Build APK	Build APK (clean) — release	2026-10-03T10:56:19.1982023Z > Run with --scan to get full insights from a Build Scan (powered by Develocity).
Build APK	Build APK (clean) — release	2026-10-03T10:56:19.1982614Z > Get more help at https://help.gradle.org.
Build APK	Build APK (clean) — release	2026-10-03T10:56:19.1982909Z 
Build APK	Build APK (clean) — release	2026-10-03T10:56:19.1983045Z * Exception is:
Build APK	Build APK (clean) — release	2026-10-03T10:56:19.1983799Z org.gradle.api.tasks.TaskExecutionException: Execution failed for task ':app:compileReleaseKotlin'.
Build APK	Build APK (clean) — release	2026-10-03T10:56:19.1985307Z 	at org.gradle.api.internal.tasks.execution.ExecuteActionsTaskExecuter.lambda$executeIfValid$1(ExecuteActionsTaskExecuter.java:135)
Build APK	Build APK (clean) — release	2026-10-03T10:56:19.1986535Z 	at org.gradle.internal.Try$Failure.ifSuccessfulOrElse(Try.java:288)
Build APK	Build APK (clean) — release	2026-10-03T10:56:19.1987757Z 	at org.gradle.api.internal.tasks.execution.ExecuteActionsTaskExecuter.executeIfValid(ExecuteActionsTaskExecuter.java:133)
Build APK	Build APK (clean) — release	2026-10-03T10:56:19.1989350Z 	at org.gradle.api.internal.tasks.execution.ExecuteActionsTaskExecuter.execute(ExecuteActionsTaskExecuter.java:121)
Build APK	Build APK (clean) — release	2026-10-03T10:56:19.1991325Z 	at org.gradle.api.internal.tasks.execution.ProblemsTaskPathTrackingTaskExecuter.execute(ProblemsTaskPathTrackingTaskExecuter.java:41)
Build APK	Build APK (clean) — release	2026-10-03T10:56:19.1993120Z 	at org.gradle.api.internal.tasks.execution.ResolveTaskExecutionModeExecuter.execute(ResolveTaskExecutionModeExecuter.java:51)
Build APK	Build APK (clean) — release	2026-10-03T10:56:19.1994829Z 	at org.gradle.api.internal.tasks.execution.FinalizePropertiesTaskExecuter.execute(FinalizePropertiesTaskExecuter.java:46)
Build APK	Build APK (clean) — release	2026-10-03T10:56:19.1996498Z 	at org.gradle.api.internal.tasks.execution.SkipTaskWithNoActionsExecuter.execute(SkipTaskWithNoActionsExecuter.java:57)
Build APK	Build APK (clean) — release	2026-10-03T10:56:19.1998020Z 	at org.gradle.api.internal.tasks.execution.SkipOnlyIfTaskExecuter.execute(SkipOnlyIfTaskExecuter.java:74)
Build APK	Build APK (clean) — release	2026-10-03T10:56:19.1999543Z 	at org.gradle.api.internal.tasks.execution.CatchExceptionTaskExecuter.execute(CatchExceptionTaskExecuter.java:36)
Build APK	Build APK (clean) — release	2026-10-03T10:56:19.2001359Z 	at org.gradle.api.internal.tasks.execution.EventFiringTaskExecuter$1.executeTask(EventFiringTaskExecuter.java:77)
Build APK	Build APK (clean) — release	2026-10-03T10:56:19.2003143Z 	at org.gradle.api.internal.tasks.execution.EventFiringTaskExecuter$1.call(EventFiringTaskExecuter.java:55)
Build APK	Build APK (clean) — release	2026-10-03T10:56:19.2004629Z 	at org.gradle.api.internal.tasks.execution.EventFiringTaskExecuter$1.call(EventFiringTaskExecuter.java:52)
Build APK	Build APK (clean) — release	2026-10-03T10:56:19.2006334Z 	at org.gradle.internal.operations.DefaultBuildOperationRunner$CallableBuildOperationWorker.execute(DefaultBuildOperationRunner.java:210)
Build APK	Build APK (clean) — release	2026-10-03T10:56:19.2008135Z 	at org.gradle.internal.operations.DefaultBuildOperationRunner$CallableBuildOperationWorker.execute(DefaultBuildOperationRunner.java:205)
Build APK	Build APK (clean) — release	2026-10-03T10:56:19.2009855Z 	at org.gradle.internal.operations.DefaultBuildOperationRunner$2.execute(DefaultBuildOperationRunner.java:67)
Build APK	Build APK (clean) — release	2026-10-03T10:56:19.2011569Z 	at org.gradle.internal.operations.DefaultBuildOperationRunner$2.execute(DefaultBuildOperationRunner.java:60)
Build APK	Build APK (clean) — release	2026-10-03T10:56:19.2013020Z 	at org.gradle.internal.operations.DefaultBuildOperationRunner.execute(DefaultBuildOperationRunner.java:167)
Build APK	Build APK (clean) — release	2026-10-03T10:56:19.2014522Z 	at org.gradle.internal.operations.DefaultBuildOperationRunner.execute(DefaultBuildOperationRunner.java:60)
Build APK	Build APK (clean) — release	2026-10-03T10:56:19.2016180Z 	at org.gradle.internal.operations.DefaultBuildOperationRunner.call(DefaultBuildOperationRunner.java:54)
Build APK	Build APK (clean) — release	2026-10-03T10:56:19.2017654Z 	at org.gradle.api.internal.tasks.execution.EventFiringTaskExecuter.execute(EventFiringTaskExecuter.java:52)
Build APK	Build APK (clean) — release	2026-10-03T10:56:19.2019090Z 	at org.gradle.execution.plan.DefaultNodeExecutor.executeLocalTaskNode(DefaultNodeExecutor.java:55)
Build APK	Build APK (clean) — release	2026-10-03T10:56:19.2020442Z 	at org.gradle.execution.plan.DefaultNodeExecutor.execute(DefaultNodeExecutor.java:34)
Build APK	Build APK (clean) — release	2026-10-03T10:56:19.2021883Z 	at org.gradle.execution.taskgraph.DefaultTaskExecutionGraph$InvokeNodeExecutorsAction.execute(DefaultTaskExecutionGraph.java:355)
Build APK	Build APK (clean) — release	2026-10-03T10:56:19.2023613Z 	at org.gradle.execution.taskgraph.DefaultTaskExecutionGraph$InvokeNodeExecutorsAction.execute(DefaultTaskExecutionGraph.java:343)
Build APK	Build APK (clean) — release	2026-10-03T10:56:19.2025473Z 	at org.gradle.execution.taskgraph.DefaultTaskExecutionGraph$BuildOperationAwareExecutionAction.lambda$execute$0(DefaultTaskExecutionGraph.java:339)
Build APK	Build APK (clean) — release	2026-10-03T10:56:19.2027059Z 	at org.gradle.internal.operations.CurrentBuildOperationRef.with(CurrentBuildOperationRef.java:84)
Build APK	Build APK (clean) — release	2026-10-03T10:56:19.2028621Z 	at org.gradle.execution.taskgraph.DefaultTaskExecutionGraph$BuildOperationAwareExecutionAction.execute(DefaultTaskExecutionGraph.java:339)
Build APK	Build APK (clean) — release	2026-10-03T10:56:19.2030611Z 	at org.gradle.execution.taskgraph.DefaultTaskExecutionGraph$BuildOperationAwareExecutionAction.execute(DefaultTaskExecutionGraph.java:328)
Build APK	Build APK (clean) — release	2026-10-03T10:56:19.2032117Z 	at org.gradle.execution.plan.DefaultPlanExecutor$ExecutorWorker.execute(DefaultPlanExecutor.java:459)
Build APK	Build APK (clean) — release	2026-10-03T10:56:19.2033341Z 	at org.gradle.execution.plan.DefaultPlanExecutor$ExecutorWorker.run(DefaultPlanExecutor.java:376)
Build APK	Build APK (clean) — release	2026-10-03T10:56:19.2034593Z 	at org.gradle.internal.concurrent.ExecutorPolicy$CatchAndRecordFailures.onExecute(ExecutorPolicy.java:64)
Build APK	Build APK (clean) — release	2026-10-03T10:56:19.2035903Z 	at org.gradle.internal.concurrent.AbstractManagedExecutor$1.run(AbstractManagedExecutor.java:47)
Build APK	Build APK (clean) — release	2026-10-03T10:56:19.2037164Z 	at java.base/java.util.concurrent.ThreadPoolExecutor.runWorker(ThreadPoolExecutor.java:1144)
Build APK	Build APK (clean) — release	2026-10-03T10:56:19.2038356Z 	at java.base/java.util.concurrent.ThreadPoolExecutor$Worker.run(ThreadPoolExecutor.java:642)
Build APK	Build APK (clean) — release	2026-10-03T10:56:19.2039232Z 	at java.base/java.lang.Thread.run(Thread.java:1583)
Build APK	Build APK (clean) — release	2026-10-03T10:56:19.2041249Z Caused by: org.gradle.workers.internal.DefaultWorkerExecutor$WorkExecutionException: A failure occurred while executing org.jetbrains.kotlin.compilerRunner.GradleCompilerRunnerWithWorkers$GradleKotlinCompilerWorkAction
Build APK	Build APK (clean) — release	2026-10-03T10:56:19.2043457Z 	at org.gradle.workers.internal.DefaultWorkerExecutor$WorkItemExecution.waitForCompletion(DefaultWorkerExecutor.java:289)
Build APK	Build APK (clean) — release	2026-10-03T10:56:19.2044995Z 	at org.gradle.internal.work.DefaultAsyncWorkTracker.lambda$waitForItemsAndGatherFailures$2(DefaultAsyncWorkTracker.java:130)
Build APK	Build APK (clean) — release	2026-10-03T10:56:19.2046169Z 	at org.gradle.internal.Factories$1.create(Factories.java:30)
Build APK	Build APK (clean) — release	2026-10-03T10:56:19.2047326Z 	at org.gradle.internal.work.DefaultWorkerLeaseService.lambda$withoutLocks$2(DefaultWorkerLeaseService.java:350)
Build APK	Build APK (clean) — release	2026-10-03T10:56:19.2048396Z 	at org.gradle.internal.work.ResourceLockStatistics$1.measure(ResourceLockStatistics.java:43)
Build APK	Build APK (clean) — release	2026-10-03T10:56:19.2049523Z 	at org.gradle.internal.work.DefaultWorkerLeaseService.withoutLocks(DefaultWorkerLeaseService.java:348)
Build APK	Build APK (clean) — release	2026-10-03T10:56:19.2050970Z 	at org.gradle.internal.work.DefaultWorkerLeaseService.withoutLocks(DefaultWorkerLeaseService.java:332)
Build APK	Build APK (clean) — release	2026-10-03T10:56:19.2052276Z 	at org.gradle.internal.work.DefaultWorkerLeaseService.withoutLock(DefaultWorkerLeaseService.java:337)
Build APK	Build APK (clean) — release	2026-10-03T10:56:19.2053743Z 	at org.gradle.internal.work.DefaultAsyncWorkTracker.waitForItemsAndGatherFailures(DefaultAsyncWorkTracker.java:126)
Build APK	Build APK (clean) — release	2026-10-03T10:56:19.2055383Z 	at org.gradle.internal.work.DefaultAsyncWorkTracker.waitForItemsAndGatherFailures(DefaultAsyncWorkTracker.java:92)
Build APK	Build APK (clean) — release	2026-10-03T10:56:19.2056805Z 	at org.gradle.internal.work.DefaultAsyncWorkTracker.waitForAll(DefaultAsyncWorkTracker.java:78)
Build APK	Build APK (clean) — release	2026-10-03T10:56:19.2058401Z 	at org.gradle.internal.work.DefaultAsyncWorkTracker.waitForCompletion(DefaultAsyncWorkTracker.java:66)
Build APK	Build APK (clean) — release	2026-10-03T10:56:19.2059809Z 	at org.gradle.api.internal.tasks.execution.TaskExecution$3.run(TaskExecution.java:267)
Build APK	Build APK (clean) — release	2026-10-03T10:56:19.2061238Z 	at org.gradle.internal.operations.DefaultBuildOperationRunner$1.execute(DefaultBuildOperationRunner.java:30)
Build APK	Build APK (clean) — release	2026-10-03T10:56:19.2062726Z 	at org.gradle.internal.operations.DefaultBuildOperationRunner$1.execute(DefaultBuildOperationRunner.java:27)
Build APK	Build APK (clean) — release	2026-10-03T10:56:19.2064196Z 	at org.gradle.internal.operations.DefaultBuildOperationRunner$2.execute(DefaultBuildOperationRunner.java:67)
Build APK	Build APK (clean) — release	2026-10-03T10:56:19.2065667Z 	at org.gradle.internal.operations.DefaultBuildOperationRunner$2.execute(DefaultBuildOperationRunner.java:60)
Build APK	Build APK (clean) — release	2026-10-03T10:56:19.2067183Z 	at org.gradle.internal.operations.DefaultBuildOperationRunner.execute(DefaultBuildOperationRunner.java:167)
Build APK	Build APK (clean) — release	2026-10-03T10:56:19.2068717Z 	at org.gradle.internal.operations.DefaultBuildOperationRunner.execute(DefaultBuildOperationRunner.java:60)
Build APK	Build APK (clean) — release	2026-10-03T10:56:19.2070357Z 	at org.gradle.internal.operations.DefaultBuildOperationRunner.run(DefaultBuildOperationRunner.java:48)
Build APK	Build APK (clean) — release	2026-10-03T10:56:19.2071664Z 	at org.gradle.api.internal.tasks.execution.TaskExecution.executeAction(TaskExecution.java:244)
Build APK	Build APK (clean) — release	2026-10-03T10:56:19.2072904Z 	at org.gradle.api.internal.tasks.execution.TaskExecution.executeActions(TaskExecution.java:227)
Build APK	Build APK (clean) — release	2026-10-03T10:56:19.2074317Z 	at org.gradle.api.internal.tasks.execution.TaskExecution.executeWithPreviousOutputFiles(TaskExecution.java:210)
Build APK	Build APK (clean) — release	2026-10-03T10:56:19.2075650Z 	at org.gradle.api.internal.tasks.execution.TaskExecution.execute(TaskExecution.java:176)
Build APK	Build APK (clean) — release	2026-10-03T10:56:19.2076832Z 	at org.gradle.internal.execution.steps.ExecuteStep.executeInternal(ExecuteStep.java:167)
Build APK	Build APK (clean) — release	2026-10-03T10:56:19.2077955Z 	at org.gradle.internal.execution.steps.ExecuteStep.access$000(ExecuteStep.java:47)
Build APK	Build APK (clean) — release	2026-10-03T10:56:19.2081124Z 	at org.gradle.internal.execution.steps.ExecuteStep$1.call(ExecuteStep.java:137)
Build APK	Build APK (clean) — release	2026-10-03T10:56:19.2082197Z 	at org.gradle.internal.execution.steps.ExecuteStep$1.call(ExecuteStep.java:134)
Build APK	Build APK (clean) — release	2026-10-03T10:56:19.2083733Z 	at org.gradle.internal.operations.DefaultBuildOperationRunner$CallableBuildOperationWorker.execute(DefaultBuildOperationRunner.java:210)
Build APK	Build APK (clean) — release	2026-10-03T10:56:19.2085650Z 	at org.gradle.internal.operations.DefaultBuildOperationRunner$CallableBuildOperationWorker.execute(DefaultBuildOperationRunner.java:205)
Build APK	Build APK (clean) — release	2026-10-03T10:56:19.2087245Z 	at org.gradle.internal.operations.DefaultBuildOperationRunner$2.execute(DefaultBuildOperationRunner.java:67)
Build APK	Build APK (clean) — release	2026-10-03T10:56:19.2088670Z 	at org.gradle.internal.operations.DefaultBuildOperationRunner$2.execute(DefaultBuildOperationRunner.java:60)
Build APK	Build APK (clean) — release	2026-10-03T10:56:19.2090088Z 	at org.gradle.internal.operations.DefaultBuildOperationRunner.execute(DefaultBuildOperationRunner.java:167)
Build APK	Build APK (clean) — release	2026-10-03T10:56:19.2091354Z 	at org.gradle.internal.operations.DefaultBuildOperationRunner.execute(DefaultBuildOperationRunner.java:60)
Build APK	Build APK (clean) — release	2026-10-03T10:56:19.2092973Z 	at org.gradle.internal.operations.DefaultBuildOperationRunner.call(DefaultBuildOperationRunner.java:54)
Build APK	Build APK (clean) — release	2026-10-03T10:56:19.2094309Z 	at org.gradle.internal.execution.steps.ExecuteStep.execute(ExecuteStep.java:134)
Build APK	Build APK (clean) — release	2026-10-03T10:56:19.2095491Z 	at org.gradle.internal.execution.steps.ExecuteStep$Mutable.execute(ExecuteStep.java:80)
Build APK	Build APK (clean) — release	2026-10-03T10:56:19.2096812Z 	at org.gradle.internal.execution.steps.CancelExecutionStep.execute(CancelExecutionStep.java:42)
Build APK	Build APK (clean) — release	2026-10-03T10:56:19.2097963Z 	at org.gradle.internal.execution.steps.TimeoutStep.executeWithoutTimeout(TimeoutStep.java:75)
Build APK	Build APK (clean) — release	2026-10-03T10:56:19.2099093Z 	at org.gradle.internal.execution.steps.TimeoutStep.execute(TimeoutStep.java:55)
Build APK	Build APK (clean) — release	2026-10-03T10:56:19.2100703Z 	at org.gradle.internal.execution.steps.PreCreateOutputParentsStep.execute(PreCreateOutputParentsStep.java:51)
Build APK	Build APK (clean) — release	2026-10-03T10:56:19.2102165Z 	at org.gradle.internal.execution.steps.PreCreateOutputParentsStep.execute(PreCreateOutputParentsStep.java:29)
Build APK	Build APK (clean) — release	2026-10-03T10:56:19.2103946Z 	at org.gradle.internal.execution.steps.RemovePreviousOutputsStep.executeMutable(RemovePreviousOutputsStep.java:67)
Build APK	Build APK (clean) — release	2026-10-03T10:56:19.2105546Z 	at org.gradle.internal.execution.steps.RemovePreviousOutputsStep.executeMutable(RemovePreviousOutputsStep.java:39)
Build APK	Build APK (clean) — release	2026-10-03T10:56:19.2106744Z 	at org.gradle.internal.execution.steps.MutableStep.execute(MutableStep.java:26)
Build APK	Build APK (clean) — release	2026-10-03T10:56:19.2107890Z 	at org.gradle.internal.execution.steps.BroadcastChangingOutputsStep.execute(BroadcastChangingOutputsStep.java:42)
Build APK	Build APK (clean) — release	2026-10-03T10:56:19.2109435Z 	at org.gradle.internal.execution.steps.BroadcastChangingOutputsStep.execute(BroadcastChangingOutputsStep.java:24)
Build APK	Build APK (clean) — release	2026-10-03T10:56:19.2111261Z 	at org.gradle.internal.execution.steps.CaptureOutputsAfterExecutionStep.execute(CaptureOutputsAfterExecutionStep.java:69)
Build APK	Build APK (clean) — release	2026-10-03T10:56:19.2113006Z 	at org.gradle.internal.execution.steps.CaptureOutputsAfterExecutionStep.execute(CaptureOutputsAfterExecutionStep.java:46)
Build APK	Build APK (clean) — release	2026-10-03T10:56:19.2114633Z 	at org.gradle.internal.execution.steps.ResolveInputChangesStep.executeMutable(ResolveInputChangesStep.java:39)
Build APK	Build APK (clean) — release	2026-10-03T10:56:19.2116309Z 	at org.gradle.internal.execution.steps.ResolveInputChangesStep.executeMutable(ResolveInputChangesStep.java:28)
Build APK	Build APK (clean) — release	2026-10-03T10:56:19.2117663Z 	at org.gradle.internal.execution.steps.MutableStep.execute(MutableStep.java:26)
Build APK	Build APK (clean) — release	2026-10-03T10:56:19.2118967Z 	at org.gradle.internal.execution.steps.BuildCacheStep.executeWithoutCache(BuildCacheStep.java:189)
Build APK	Build APK (clean) — release	2026-10-03T10:56:19.2120426Z 	at org.gradle.internal.execution.steps.BuildCacheStep.executeAndStoreInCache(BuildCacheStep.java:145)
Build APK	Build APK (clean) — release	2026-10-03T10:56:19.2121633Z 	at org.gradle.internal.execution.steps.BuildCacheStep.lambda$executeWithCache$4(BuildCacheStep.java:104)
Build APK	Build APK (clean) — release	2026-10-03T10:56:19.2122613Z 	at java.base/java.util.Optional.orElseGet(Optional.java:364)
Build APK	Build APK (clean) — release	2026-10-03T10:56:19.2123675Z 	at org.gradle.internal.execution.steps.BuildCacheStep.lambda$executeWithCache$5(BuildCacheStep.java:104)
Build APK	Build APK (clean) — release	2026-10-03T10:56:19.2124675Z 	at org.gradle.internal.Try$Success.map(Try.java:170)
Build APK	Build APK (clean) — release	2026-10-03T10:56:19.2125719Z 	at org.gradle.internal.execution.steps.BuildCacheStep.executeWithCache(BuildCacheStep.java:88)
Build APK	Build APK (clean) — release	2026-10-03T10:56:19.2127058Z 	at org.gradle.internal.execution.steps.BuildCacheStep.lambda$execute$0(BuildCacheStep.java:75)
Build APK	Build APK (clean) — release	2026-10-03T10:56:19.2127998Z 	at org.gradle.internal.Either$Left.fold(Either.java:116)
Build APK	Build APK (clean) — release	2026-10-03T10:56:19.2128916Z 	at org.gradle.internal.execution.caching.CachingState.fold(CachingState.java:62)
Build APK	Build APK (clean) — release	2026-10-03T10:56:19.2130348Z 	at org.gradle.internal.execution.steps.BuildCacheStep.execute(BuildCacheStep.java:74)
Build APK	Build APK (clean) — release	2026-10-03T10:56:19.2131967Z 	at org.gradle.internal.execution.steps.BuildCacheStep.execute(BuildCacheStep.java:49)
Build APK	Build APK (clean) — release	2026-10-03T10:56:19.2133403Z 	at org.gradle.internal.execution.steps.StoreExecutionStateStep.executeMutable(StoreExecutionStateStep.java:46)
Build APK	Build APK (clean) — release	2026-10-03T10:56:19.2134957Z 	at org.gradle.internal.execution.steps.StoreExecutionStateStep.executeMutable(StoreExecutionStateStep.java:35)
Build APK	Build APK (clean) — release	2026-10-03T10:56:19.2136399Z 	at org.gradle.internal.execution.steps.MutableStep.execute(MutableStep.java:26)
Build APK	Build APK (clean) — release	2026-10-03T10:56:19.2137467Z 	at org.gradle.internal.execution.steps.SkipUpToDateStep.executeBecause(SkipUpToDateStep.java:75)
Build APK	Build APK (clean) — release	2026-10-03T10:56:19.2138744Z 	at org.gradle.internal.execution.steps.SkipUpToDateStep.lambda$execute$2(SkipUpToDateStep.java:53)
Build APK	Build APK (clean) — release	2026-10-03T10:56:19.2139994Z 	at java.base/java.util.Optional.orElseGet(Optional.java:364)
Build APK	Build APK (clean) — release	2026-10-03T10:56:19.2140962Z 	at org.gradle.internal.execution.steps.SkipUpToDateStep.execute(SkipUpToDateStep.java:53)
Build APK	Build APK (clean) — release	2026-10-03T10:56:19.2142179Z 	at org.gradle.internal.execution.steps.SkipUpToDateStep.execute(SkipUpToDateStep.java:35)
Build APK	Build APK (clean) — release	2026-10-03T10:56:19.2143828Z 	at org.gradle.internal.execution.steps.legacy.MarkSnapshottingInputsFinishedStep.execute(MarkSnapshottingInputsFinishedStep.java:37)
Build APK	Build APK (clean) — release	2026-10-03T10:56:19.2145770Z 	at org.gradle.internal.execution.steps.legacy.MarkSnapshottingInputsFinishedStep.execute(MarkSnapshottingInputsFinishedStep.java:27)
Build APK	Build APK (clean) — release	2026-10-03T10:56:19.2147657Z 	at org.gradle.internal.execution.steps.ResolveMutableCachingStateStep.executeDelegate(ResolveMutableCachingStateStep.java:70)
Build APK	Build APK (clean) — release	2026-10-03T10:56:19.2150017Z 	at org.gradle.internal.execution.steps.ResolveMutableCachingStateStep.executeDelegate(ResolveMutableCachingStateStep.java:32)
Build APK	Build APK (clean) — release	2026-10-03T10:56:19.2151814Z 	at org.gradle.internal.execution.steps.AbstractResolveCachingStateStep.execute(AbstractResolveCachingStateStep.java:69)
Build APK	Build APK (clean) — release	2026-10-03T10:56:19.2153562Z 	at org.gradle.internal.execution.steps.AbstractResolveCachingStateStep.execute(AbstractResolveCachingStateStep.java:37)
Build APK	Build APK (clean) — release	2026-10-03T10:56:19.2155168Z 	at org.gradle.internal.execution.steps.ResolveChangesStep.executeMutable(ResolveChangesStep.java:63)
Build APK	Build APK (clean) — release	2026-10-03T10:56:19.2156606Z 	at org.gradle.internal.execution.steps.ResolveChangesStep.executeMutable(ResolveChangesStep.java:34)
Build APK	Build APK (clean) — release	2026-10-03T10:56:19.2157846Z 	at org.gradle.internal.execution.steps.MutableStep.execute(MutableStep.java:26)
Build APK	Build APK (clean) — release	2026-10-03T10:56:19.2159067Z 	at org.gradle.internal.execution.steps.ValidateStep$Mutable.executeDelegate(ValidateStep.java:79)
Build APK	Build APK (clean) — release	2026-10-03T10:56:19.2160530Z 	at org.gradle.internal.execution.steps.ValidateStep$Mutable.executeDelegate(ValidateStep.java:65)
Build APK	Build APK (clean) — release	2026-10-03T10:56:19.2161777Z 	at org.gradle.internal.execution.steps.ValidateStep.execute(ValidateStep.java:99)
Build APK	Build APK (clean) — release	2026-10-03T10:56:19.2162936Z 	at org.gradle.internal.execution.steps.ValidateStep$Mutable.execute(ValidateStep.java:65)
Build APK	Build APK (clean) — release	2026-10-03T10:56:19.2164664Z 	at org.gradle.internal.execution.steps.CaptureMutableStateBeforeExecutionStep.executeMutable(CaptureMutableStateBeforeExecutionStep.java:86)
Build APK	Build APK (clean) — release	2026-10-03T10:56:19.2166680Z 	at org.gradle.internal.execution.steps.CaptureMutableStateBeforeExecutionStep.execute(CaptureMutableStateBeforeExecutionStep.java:65)
Build APK	Build APK (clean) — release	2026-10-03T10:56:19.2168615Z 	at org.gradle.internal.execution.steps.CaptureMutableStateBeforeExecutionStep.execute(CaptureMutableStateBeforeExecutionStep.java:45)
Build APK	Build APK (clean) — release	2026-10-03T10:56:19.2170623Z 	at org.gradle.internal.execution.steps.SkipEmptyMutableWorkStep.executeWithNonEmptySources(SkipEmptyMutableWorkStep.java:210)
Build APK	Build APK (clean) — release	2026-10-03T10:56:19.2172298Z 	at org.gradle.internal.execution.steps.SkipEmptyMutableWorkStep.executeMutable(SkipEmptyMutableWorkStep.java:90)
Build APK	Build APK (clean) — release	2026-10-03T10:56:19.2173827Z 	at org.gradle.internal.execution.steps.SkipEmptyMutableWorkStep.executeMutable(SkipEmptyMutableWorkStep.java:53)
Build APK	Build APK (clean) — release	2026-10-03T10:56:19.2175127Z 	at org.gradle.internal.execution.steps.MutableStep.execute(MutableStep.java:26)
Build APK	Build APK (clean) — release	2026-10-03T10:56:19.2176631Z 	at org.gradle.internal.execution.steps.legacy.MarkSnapshottingInputsStartedStep.execute(MarkSnapshottingInputsStartedStep.java:38)
Build APK	Build APK (clean) — release	2026-10-03T10:56:19.2178462Z 	at org.gradle.internal.execution.steps.LoadPreviousExecutionStateStep.executeMutable(LoadPreviousExecutionStateStep.java:36)
Build APK	Build APK (clean) — release	2026-10-03T10:56:19.2180442Z 	at org.gradle.internal.execution.steps.LoadPreviousExecutionStateStep.executeMutable(LoadPreviousExecutionStateStep.java:23)
Build APK	Build APK (clean) — release	2026-10-03T10:56:19.2181879Z 	at org.gradle.internal.execution.steps.MutableStep.execute(MutableStep.java:26)
Build APK	Build APK (clean) — release	2026-10-03T10:56:19.2183472Z 	at org.gradle.internal.execution.steps.HandleStaleOutputsStep.executeMutable(HandleStaleOutputsStep.java:77)
Build APK	Build APK (clean) — release	2026-10-03T10:56:19.2185042Z 	at org.gradle.internal.execution.steps.HandleStaleOutputsStep.executeMutable(HandleStaleOutputsStep.java:43)
Build APK	Build APK (clean) — release	2026-10-03T10:56:19.2186325Z 	at org.gradle.internal.execution.steps.MutableStep.execute(MutableStep.java:26)
Build APK	Build APK (clean) — release	2026-10-03T10:56:19.2187782Z 	at org.gradle.internal.execution.steps.AssignMutableWorkspaceStep.lambda$executeMutable$0(AssignMutableWorkspaceStep.java:34)
Build APK	Build APK (clean) — release	2026-10-03T10:56:19.2189303Z 	at org.gradle.api.internal.tasks.execution.TaskExecution$4.withWorkspace(TaskExecution.java:305)
Build APK	Build APK (clean) — release	2026-10-03T10:56:19.2191042Z 	at org.gradle.internal.execution.steps.AssignMutableWorkspaceStep.executeMutable(AssignMutableWorkspaceStep.java:30)
Build APK	Build APK (clean) — release	2026-10-03T10:56:19.2192695Z 	at org.gradle.internal.execution.steps.AssignMutableWorkspaceStep.executeMutable(AssignMutableWorkspaceStep.java:21)
Build APK	Build APK (clean) — release	2026-10-03T10:56:19.2194084Z 	at org.gradle.internal.execution.steps.MutableStep.execute(MutableStep.java:26)
Build APK	Build APK (clean) — release	2026-10-03T10:56:19.2195500Z 	at org.gradle.internal.execution.steps.ChoosePipelineStep.execute(ChoosePipelineStep.java:40)
Build APK	Build APK (clean) — release	2026-10-03T10:56:19.2196787Z 	at org.gradle.internal.execution.steps.ChoosePipelineStep.execute(ChoosePipelineStep.java:23)
Build APK	Build APK (clean) — release	2026-10-03T10:56:19.2198499Z 	at org.gradle.internal.execution.steps.ExecuteWorkBuildOperationFiringStep.lambda$execute$2(ExecuteWorkBuildOperationFiringStep.java:67)
Build APK	Build APK (clean) — release	2026-10-03T10:56:19.2199992Z 	at java.base/java.util.Optional.orElseGet(Optional.java:364)
Build APK	Build APK (clean) — release	2026-10-03T10:56:19.2201304Z 	at org.gradle.internal.execution.steps.ExecuteWorkBuildOperationFiringStep.execute(ExecuteWorkBuildOperationFiringStep.java:67)
Build APK	Build APK (clean) — release	2026-10-03T10:56:19.2203101Z 	at org.gradle.internal.execution.steps.ExecuteWorkBuildOperationFiringStep.execute(ExecuteWorkBuildOperationFiringStep.java:39)
Build APK	Build APK (clean) — release	2026-10-03T10:56:19.2204547Z 	at org.gradle.internal.execution.steps.IdentityCacheStep.execute(IdentityCacheStep.java:46)
Build APK	Build APK (clean) — release	2026-10-03T10:56:19.2205768Z 	at org.gradle.internal.execution.steps.IdentityCacheStep.execute(IdentityCacheStep.java:34)
Build APK	Build APK (clean) — release	2026-10-03T10:56:19.2206904Z 	at org.gradle.internal.execution.steps.IdentifyStep.execute(IdentifyStep.java:56)
Build APK	Build APK (clean) — release	2026-10-03T10:56:19.2207958Z 	at org.gradle.internal.execution.steps.IdentifyStep.execute(IdentifyStep.java:38)
Build APK	Build APK (clean) — release	2026-10-03T10:56:19.2209222Z 	at org.gradle.internal.execution.impl.DefaultExecutionEngine$1.execute(DefaultExecutionEngine.java:68)
Build APK	Build APK (clean) — release	2026-10-03T10:56:19.2211115Z 	at org.gradle.api.internal.tasks.execution.ExecuteActionsTaskExecuter.executeIfValid(ExecuteActionsTaskExecuter.java:132)
Build APK	Build APK (clean) — release	2026-10-03T10:56:19.2212142Z 	... 33 more
Build APK	Build APK (clean) — release	2026-10-03T10:56:19.2213126Z Caused by: org.jetbrains.kotlin.gradle.tasks.CompilationErrorException: Compilation error. See log for more details
Build APK	Build APK (clean) — release	2026-10-03T10:56:19.2214708Z 	at org.jetbrains.kotlin.gradle.tasks.TasksUtilsKt.throwExceptionIfCompilationFailed(tasksUtils.kt:21)
Build APK	Build APK (clean) — release	2026-10-03T10:56:19.2216116Z 	at org.jetbrains.kotlin.compilerRunner.GradleKotlinCompilerWork.run(GradleKotlinCompilerWork.kt:112)
Build APK	Build APK (clean) — release	2026-10-03T10:56:19.2217987Z 	at org.jetbrains.kotlin.compilerRunner.GradleCompilerRunnerWithWorkers$GradleKotlinCompilerWorkAction.execute(GradleCompilerRunnerWithWorkers.kt:75)
Build APK	Build APK (clean) — release	2026-10-03T10:56:19.2219590Z 	at org.gradle.workers.internal.DefaultWorkerServer.execute(DefaultWorkerServer.java:68)
Build APK	Build APK (clean) — release	2026-10-03T10:56:19.2221068Z 	at org.gradle.workers.internal.NoIsolationWorkerFactory$1$1.create(NoIsolationWorkerFactory.java:64)
Build APK	Build APK (clean) — release	2026-10-03T10:56:19.2222415Z 	at org.gradle.workers.internal.NoIsolationWorkerFactory$1$1.create(NoIsolationWorkerFactory.java:61)
Build APK	Build APK (clean) — release	2026-10-03T10:56:19.2223774Z 	at org.gradle.internal.classloader.ClassLoaderUtils.executeInClassloader(ClassLoaderUtils.java:102)
Build APK	Build APK (clean) — release	2026-10-03T10:56:19.2225190Z 	at org.gradle.workers.internal.NoIsolationWorkerFactory$1.lambda$execute$0(NoIsolationWorkerFactory.java:61)
Build APK	Build APK (clean) — release	2026-10-03T10:56:19.2226388Z 	at org.gradle.workers.internal.AbstractWorker$1.call(AbstractWorker.java:44)
Build APK	Build APK (clean) — release	2026-10-03T10:56:19.2227627Z 	at org.gradle.workers.internal.AbstractWorker$1.call(AbstractWorker.java:41)
Build APK	Build APK (clean) — release	2026-10-03T10:56:19.2229099Z 	at org.gradle.internal.operations.DefaultBuildOperationRunner$CallableBuildOperationWorker.execute(DefaultBuildOperationRunner.java:210)
Build APK	Build APK (clean) — release	2026-10-03T10:56:19.2231197Z 	at org.gradle.internal.operations.DefaultBuildOperationRunner$CallableBuildOperationWorker.execute(DefaultBuildOperationRunner.java:205)
Build APK	Build APK (clean) — release	2026-10-03T10:56:19.2232895Z 	at org.gradle.internal.operations.DefaultBuildOperationRunner$2.execute(DefaultBuildOperationRunner.java:67)
Build APK	Build APK (clean) — release	2026-10-03T10:56:19.2234417Z 	at org.gradle.internal.operations.DefaultBuildOperationRunner$2.execute(DefaultBuildOperationRunner.java:60)
Build APK	Build APK (clean) — release	2026-10-03T10:56:19.2235884Z 	at org.gradle.internal.operations.DefaultBuildOperationRunner.execute(DefaultBuildOperationRunner.java:167)
Build APK	Build APK (clean) — release	2026-10-03T10:56:19.2237396Z 	at org.gradle.internal.operations.DefaultBuildOperationRunner.execute(DefaultBuildOperationRunner.java:60)
Build APK	Build APK (clean) — release	2026-10-03T10:56:19.2238867Z 	at org.gradle.internal.operations.DefaultBuildOperationRunner.call(DefaultBuildOperationRunner.java:54)
Build APK	Build APK (clean) — release	2026-10-03T10:56:19.2240653Z 	at org.gradle.workers.internal.AbstractWorker.executeWrappedInBuildOperation(AbstractWorker.java:41)
Build APK	Build APK (clean) — release	2026-10-03T10:56:19.2242085Z 	at org.gradle.workers.internal.NoIsolationWorkerFactory$1.execute(NoIsolationWorkerFactory.java:58)
Build APK	Build APK (clean) — release	2026-10-03T10:56:19.2243495Z 	at org.gradle.workers.internal.DefaultWorkerExecutor.lambda$submitWork$0(DefaultWorkerExecutor.java:176)
Build APK	Build APK (clean) — release	2026-10-03T10:56:19.2244628Z 	at java.base/java.util.concurrent.FutureTask.run(FutureTask.java:317)
Build APK	Build APK (clean) — release	2026-10-03T10:56:19.2270386Z 	at org.gradle.internal.work.DefaultConditionalExecutionQueue$ExecutionRunner.runExecution(DefaultConditionalExecutionQueue.java:194)
Build APK	Build APK (clean) — release	2026-10-03T10:56:19.2272565Z 	at org.gradle.internal.work.DefaultConditionalExecutionQueue$ExecutionRunner.access$700(DefaultConditionalExecutionQueue.java:127)
Build APK	Build APK (clean) — release	2026-10-03T10:56:19.2274430Z 	at org.gradle.internal.work.DefaultConditionalExecutionQueue$ExecutionRunner$1.run(DefaultConditionalExecutionQueue.java:169)
Build APK	Build APK (clean) — release	2026-10-03T10:56:19.2275718Z 	at org.gradle.internal.Factories$1.create(Factories.java:30)
Build APK	Build APK (clean) — release	2026-10-03T10:56:19.2276928Z 	at org.gradle.internal.work.DefaultWorkerLeaseService.lambda$withLocksAcquired$0(DefaultWorkerLeaseService.java:275)
Build APK	Build APK (clean) — release	2026-10-03T10:56:19.2278425Z 	at org.gradle.internal.work.ResourceLockStatistics$1.measure(ResourceLockStatistics.java:43)
Build APK	Build APK (clean) — release	2026-10-03T10:56:19.2279997Z 	at org.gradle.internal.work.DefaultWorkerLeaseService.withLocksAcquired(DefaultWorkerLeaseService.java:273)
Build APK	Build APK (clean) — release	2026-10-03T10:56:19.2281503Z 	at org.gradle.internal.work.DefaultWorkerLeaseService.withLocks(DefaultWorkerLeaseService.java:265)
Build APK	Build APK (clean) — release	2026-10-03T10:56:19.2283019Z 	at org.gradle.internal.work.DefaultWorkerLeaseService.runAsWorkerThread(DefaultWorkerLeaseService.java:128)
Build APK	Build APK (clean) — release	2026-10-03T10:56:19.2284548Z 	at org.gradle.internal.work.DefaultWorkerLeaseService.runAsWorkerThread(DefaultWorkerLeaseService.java:133)
Build APK	Build APK (clean) — release	2026-10-03T10:56:19.2286347Z 	at org.gradle.internal.work.DefaultConditionalExecutionQueue$ExecutionRunner.runBatch(DefaultConditionalExecutionQueue.java:164)
Build APK	Build APK (clean) — release	2026-10-03T10:56:19.2288142Z 	at org.gradle.internal.work.DefaultConditionalExecutionQueue$ExecutionRunner.run(DefaultConditionalExecutionQueue.java:133)
Build APK	Build APK (clean) — release	2026-10-03T10:56:19.2289576Z 	at java.base/java.util.concurrent.Executors$RunnableAdapter.call(Executors.java:572)
Build APK	Build APK (clean) — release	2026-10-03T10:56:19.2321125Z 	at java.base/java.util.concurrent.FutureTask.run(FutureTask.java:317)
Build APK	Build APK (clean) — release	2026-10-03T10:56:19.2321750Z 	... 5 more
Build APK	Build APK (clean) — release	2026-10-03T10:56:19.2321937Z 
Build APK	Build APK (clean) — release	2026-10-03T10:56:19.2322261Z ==============================================================================
Build APK	Build APK (clean) — release	2026-10-03T10:56:19.2322641Z 
Build APK	Build APK (clean) — release	2026-10-03T10:56:19.2322835Z BUILD FAILED in 3m 43s
Build APK	Build APK (clean) — release	2026-10-03T10:56:19.6263868Z ##[error]Process completed with exit code 1.
